--
-- PostgreSQL database dump
--

-- Dumped from database version 9.1.14
-- Dumped by pg_dump version 9.1.14
-- Started on 2015-03-23 21:56:39

SET statement_timeout = 0;
SET client_encoding = 'UTF8';
SET standard_conforming_strings = on;
SET check_function_bodies = false;
SET client_min_messages = warning;

--
-- TOC entry 216 (class 3079 OID 11639)
-- Name: plpgsql; Type: EXTENSION; Schema: -; Owner: 
--

CREATE EXTENSION IF NOT EXISTS plpgsql WITH SCHEMA pg_catalog;


--
-- TOC entry 2224 (class 0 OID 0)
-- Dependencies: 216
-- Name: EXTENSION plpgsql; Type: COMMENT; Schema: -; Owner: 
--

COMMENT ON EXTENSION plpgsql IS 'PL/pgSQL procedural language';


SET search_path = public, pg_catalog;

--
-- TOC entry 170 (class 1259 OID 44677)
-- Dependencies: 5
-- Name: sidacceso; Type: SEQUENCE; Schema: public; Owner: postgres
--

CREATE SEQUENCE sidacceso
    START WITH 1
    INCREMENT BY 1
    NO MINVALUE
    NO MAXVALUE
    CACHE 1;


ALTER TABLE public.sidacceso OWNER TO postgres;

--
-- TOC entry 161 (class 1259 OID 44659)
-- Dependencies: 5
-- Name: sidaccesorio; Type: SEQUENCE; Schema: public; Owner: postgres
--

CREATE SEQUENCE sidaccesorio
    START WITH 1
    INCREMENT BY 1
    NO MINVALUE
    NO MAXVALUE
    CACHE 1;


ALTER TABLE public.sidaccesorio OWNER TO postgres;

--
-- TOC entry 178 (class 1259 OID 44693)
-- Dependencies: 5
-- Name: sidbanco; Type: SEQUENCE; Schema: public; Owner: postgres
--

CREATE SEQUENCE sidbanco
    START WITH 1
    INCREMENT BY 1
    NO MINVALUE
    NO MAXVALUE
    CACHE 1;


ALTER TABLE public.sidbanco OWNER TO postgres;

--
-- TOC entry 169 (class 1259 OID 44675)
-- Dependencies: 5
-- Name: sidbitacora; Type: SEQUENCE; Schema: public; Owner: postgres
--

CREATE SEQUENCE sidbitacora
    START WITH 1
    INCREMENT BY 1
    NO MINVALUE
    NO MAXVALUE
    CACHE 1;


ALTER TABLE public.sidbitacora OWNER TO postgres;

--
-- TOC entry 182 (class 1259 OID 44701)
-- Dependencies: 5
-- Name: sidchofer; Type: SEQUENCE; Schema: public; Owner: postgres
--

CREATE SEQUENCE sidchofer
    START WITH 1
    INCREMENT BY 1
    NO MINVALUE
    NO MAXVALUE
    CACHE 1;


ALTER TABLE public.sidchofer OWNER TO postgres;

--
-- TOC entry 168 (class 1259 OID 44673)
-- Dependencies: 5
-- Name: sidclave; Type: SEQUENCE; Schema: public; Owner: postgres
--

CREATE SEQUENCE sidclave
    START WITH 1
    INCREMENT BY 1
    NO MINVALUE
    NO MAXVALUE
    CACHE 1;


ALTER TABLE public.sidclave OWNER TO postgres;

--
-- TOC entry 183 (class 1259 OID 44703)
-- Dependencies: 5
-- Name: sidcliente; Type: SEQUENCE; Schema: public; Owner: postgres
--

CREATE SEQUENCE sidcliente
    START WITH 1
    INCREMENT BY 1
    NO MINVALUE
    NO MAXVALUE
    CACHE 1;


ALTER TABLE public.sidcliente OWNER TO postgres;

--
-- TOC entry 164 (class 1259 OID 44665)
-- Dependencies: 5
-- Name: sidconfiguracion; Type: SEQUENCE; Schema: public; Owner: postgres
--

CREATE SEQUENCE sidconfiguracion
    START WITH 1
    INCREMENT BY 1
    NO MINVALUE
    NO MAXVALUE
    CACHE 1;


ALTER TABLE public.sidconfiguracion OWNER TO postgres;

--
-- TOC entry 173 (class 1259 OID 44683)
-- Dependencies: 5
-- Name: siddocumento; Type: SEQUENCE; Schema: public; Owner: postgres
--

CREATE SEQUENCE siddocumento
    START WITH 1
    INCREMENT BY 1
    NO MINVALUE
    NO MAXVALUE
    CACHE 1;


ALTER TABLE public.siddocumento OWNER TO postgres;

--
-- TOC entry 162 (class 1259 OID 44661)
-- Dependencies: 5
-- Name: sidfactura; Type: SEQUENCE; Schema: public; Owner: postgres
--

CREATE SEQUENCE sidfactura
    START WITH 1
    INCREMENT BY 1
    NO MINVALUE
    NO MAXVALUE
    CACHE 1;


ALTER TABLE public.sidfactura OWNER TO postgres;

--
-- TOC entry 176 (class 1259 OID 44689)
-- Dependencies: 5
-- Name: sidmantenimiento; Type: SEQUENCE; Schema: public; Owner: postgres
--

CREATE SEQUENCE sidmantenimiento
    START WITH 1
    INCREMENT BY 1
    NO MINVALUE
    NO MAXVALUE
    CACHE 1;


ALTER TABLE public.sidmantenimiento OWNER TO postgres;

--
-- TOC entry 171 (class 1259 OID 44679)
-- Dependencies: 5
-- Name: sidmarca; Type: SEQUENCE; Schema: public; Owner: postgres
--

CREATE SEQUENCE sidmarca
    START WITH 1
    INCREMENT BY 1
    NO MINVALUE
    NO MAXVALUE
    CACHE 1;


ALTER TABLE public.sidmarca OWNER TO postgres;

--
-- TOC entry 172 (class 1259 OID 44681)
-- Dependencies: 5
-- Name: sidmodelo; Type: SEQUENCE; Schema: public; Owner: postgres
--

CREATE SEQUENCE sidmodelo
    START WITH 1
    INCREMENT BY 1
    NO MINVALUE
    NO MAXVALUE
    CACHE 1;


ALTER TABLE public.sidmodelo OWNER TO postgres;

--
-- TOC entry 167 (class 1259 OID 44671)
-- Dependencies: 5
-- Name: sidmodulo; Type: SEQUENCE; Schema: public; Owner: postgres
--

CREATE SEQUENCE sidmodulo
    START WITH 1
    INCREMENT BY 1
    NO MINVALUE
    NO MAXVALUE
    CACHE 1;


ALTER TABLE public.sidmodulo OWNER TO postgres;

--
-- TOC entry 174 (class 1259 OID 44685)
-- Dependencies: 5
-- Name: sidprecinto; Type: SEQUENCE; Schema: public; Owner: postgres
--

CREATE SEQUENCE sidprecinto
    START WITH 1
    INCREMENT BY 1
    NO MINVALUE
    NO MAXVALUE
    CACHE 1;


ALTER TABLE public.sidprecinto OWNER TO postgres;

--
-- TOC entry 163 (class 1259 OID 44663)
-- Dependencies: 5
-- Name: sidpregunta; Type: SEQUENCE; Schema: public; Owner: postgres
--

CREATE SEQUENCE sidpregunta
    START WITH 1
    INCREMENT BY 1
    NO MINVALUE
    NO MAXVALUE
    CACHE 1;


ALTER TABLE public.sidpregunta OWNER TO postgres;

--
-- TOC entry 181 (class 1259 OID 44699)
-- Dependencies: 5
-- Name: sidproducto; Type: SEQUENCE; Schema: public; Owner: postgres
--

CREATE SEQUENCE sidproducto
    START WITH 1
    INCREMENT BY 1
    NO MINVALUE
    NO MAXVALUE
    CACHE 1;


ALTER TABLE public.sidproducto OWNER TO postgres;

--
-- TOC entry 179 (class 1259 OID 44695)
-- Dependencies: 5
-- Name: sidproveedor; Type: SEQUENCE; Schema: public; Owner: postgres
--

CREATE SEQUENCE sidproveedor
    START WITH 1
    INCREMENT BY 1
    NO MINVALUE
    NO MAXVALUE
    CACHE 1;


ALTER TABLE public.sidproveedor OWNER TO postgres;

--
-- TOC entry 166 (class 1259 OID 44669)
-- Dependencies: 5
-- Name: sidrol; Type: SEQUENCE; Schema: public; Owner: postgres
--

CREATE SEQUENCE sidrol
    START WITH 1
    INCREMENT BY 1
    NO MINVALUE
    NO MAXVALUE
    CACHE 1;


ALTER TABLE public.sidrol OWNER TO postgres;

--
-- TOC entry 177 (class 1259 OID 44691)
-- Dependencies: 5
-- Name: sidservicio; Type: SEQUENCE; Schema: public; Owner: postgres
--

CREATE SEQUENCE sidservicio
    START WITH 1
    INCREMENT BY 1
    NO MINVALUE
    NO MAXVALUE
    CACHE 1;


ALTER TABLE public.sidservicio OWNER TO postgres;

--
-- TOC entry 165 (class 1259 OID 44667)
-- Dependencies: 5
-- Name: sidservicio_mantenimiento; Type: SEQUENCE; Schema: public; Owner: postgres
--

CREATE SEQUENCE sidservicio_mantenimiento
    START WITH 1
    INCREMENT BY 1
    NO MINVALUE
    NO MAXVALUE
    CACHE 1;


ALTER TABLE public.sidservicio_mantenimiento OWNER TO postgres;

--
-- TOC entry 180 (class 1259 OID 44697)
-- Dependencies: 5
-- Name: sidtipo_producto; Type: SEQUENCE; Schema: public; Owner: postgres
--

CREATE SEQUENCE sidtipo_producto
    START WITH 1
    INCREMENT BY 1
    NO MINVALUE
    NO MAXVALUE
    CACHE 1;


ALTER TABLE public.sidtipo_producto OWNER TO postgres;

--
-- TOC entry 175 (class 1259 OID 44687)
-- Dependencies: 5
-- Name: sidvehiculo; Type: SEQUENCE; Schema: public; Owner: postgres
--

CREATE SEQUENCE sidvehiculo
    START WITH 1
    INCREMENT BY 1
    NO MINVALUE
    NO MAXVALUE
    CACHE 1;


ALTER TABLE public.sidvehiculo OWNER TO postgres;

SET default_tablespace = '';

SET default_with_oids = false;

--
-- TOC entry 202 (class 1259 OID 44834)
-- Dependencies: 1945 1946 5
-- Name: tacceso; Type: TABLE; Schema: public; Owner: postgres; Tablespace: 
--

CREATE TABLE tacceso (
    idacceso bigint DEFAULT nextval('sidacceso'::regclass) NOT NULL,
    idusuario character varying(20) NOT NULL,
    exitoacc character(1) NOT NULL,
    ipacc character varying(15) NOT NULL,
    estatusacc character(1) DEFAULT '1'::bpchar NOT NULL,
    fechaacc timestamp without time zone,
    fecha_salidaacc timestamp without time zone,
    ultima_actividadacc timestamp without time zone
);


ALTER TABLE public.tacceso OWNER TO postgres;

--
-- TOC entry 194 (class 1259 OID 44783)
-- Dependencies: 1940 5
-- Name: taccesorio; Type: TABLE; Schema: public; Owner: postgres; Tablespace: 
--

CREATE TABLE taccesorio (
    idaccesorio bigint DEFAULT nextval('sidaccesorio'::regclass) NOT NULL,
    idcodigoacc character(10) NOT NULL,
    tmodelo_idmodelo bigint NOT NULL,
    placaacc character(9) NOT NULL,
    coloracc bytea NOT NULL,
    anoacc character(4) NOT NULL,
    capacidadacc numeric(10,2) NOT NULL,
    unidadmedidaacc character(4) NOT NULL,
    observacionacc character varying(255),
    estatusacc character(1) NOT NULL
);


ALTER TABLE public.taccesorio OWNER TO postgres;

--
-- TOC entry 189 (class 1259 OID 44750)
-- Dependencies: 1935 5
-- Name: tbanco; Type: TABLE; Schema: public; Owner: postgres; Tablespace: 
--

CREATE TABLE tbanco (
    idbanco bigint DEFAULT nextval('sidbanco'::regclass) NOT NULL,
    nombreban character varying(100) NOT NULL,
    observacionban character varying(255),
    estatusban character(1) NOT NULL
);


ALTER TABLE public.tbanco OWNER TO postgres;

--
-- TOC entry 203 (class 1259 OID 44847)
-- Dependencies: 1947 1948 1949 1950 1951 5
-- Name: tbitacora; Type: TABLE; Schema: public; Owner: postgres; Tablespace: 
--

CREATE TABLE tbitacora (
    idbitacora bigint DEFAULT nextval('sidbitacora'::regclass) NOT NULL,
    direccionbit character varying(300) NOT NULL,
    fechahorabit timestamp without time zone DEFAULT now() NOT NULL,
    valoranteriorbit character varying(100) DEFAULT NULL::character varying,
    valornuevobit character varying(100) DEFAULT NULL::character varying,
    ipbit character varying(30) NOT NULL,
    motivobit character varying(20) NOT NULL,
    operacionbit character varying(20) NOT NULL,
    campobit character varying(45) NOT NULL,
    tablabit character varying(45) NOT NULL,
    idusuario character varying(20) NOT NULL,
    serviciobit character varying(50) DEFAULT 'Inicio'::character varying NOT NULL
);


ALTER TABLE public.tbitacora OWNER TO postgres;

--
-- TOC entry 185 (class 1259 OID 44714)
-- Dependencies: 1931 5
-- Name: tchofer; Type: TABLE; Schema: public; Owner: postgres; Tablespace: 
--

CREATE TABLE tchofer (
    idchofer bigint DEFAULT nextval('sidchofer'::regclass) NOT NULL,
    idcodigocho character(10) NOT NULL,
    aliascho character varying(50),
    nombrecho character varying(50) NOT NULL,
    apellidocho character varying(50) NOT NULL,
    ceula_rifcho character(9) NOT NULL,
    nacionalidadcho character(1) NOT NULL,
    fechanacimientocho date NOT NULL,
    direccioncho character varying(255) NOT NULL,
    correocho character varying(55),
    telefonomovilcho character(11) NOT NULL,
    telefonolocalcho character(11),
    observacioncho character varying(255),
    estatuscho character(1) NOT NULL
);


ALTER TABLE public.tchofer OWNER TO postgres;

--
-- TOC entry 196 (class 1259 OID 44801)
-- Dependencies: 5
-- Name: tchofer_documento; Type: TABLE; Schema: public; Owner: postgres; Tablespace: 
--

CREATE TABLE tchofer_documento (
    tchofer_idchofer bigint NOT NULL,
    tdocumento_iddocumento bigint NOT NULL,
    fechaemisiondoc date NOT NULL,
    fechavencimientodoc date NOT NULL,
    directoriodoc character varying(255),
    estatusdoc character(1) NOT NULL
);


ALTER TABLE public.tchofer_documento OWNER TO postgres;

--
-- TOC entry 204 (class 1259 OID 44861)
-- Dependencies: 1952 1953 5
-- Name: tclave; Type: TABLE; Schema: public; Owner: postgres; Tablespace: 
--

CREATE TABLE tclave (
    idclave bigint DEFAULT nextval('sidclave'::regclass) NOT NULL,
    clavecla character varying(45) NOT NULL,
    fechainiciocla date NOT NULL,
    fechafincla date NOT NULL,
    estatuscla character varying(255) DEFAULT 1 NOT NULL,
    tusuario_idusuario character varying(20) NOT NULL
);


ALTER TABLE public.tclave OWNER TO postgres;

--
-- TOC entry 184 (class 1259 OID 44705)
-- Dependencies: 1930 5
-- Name: tcliente; Type: TABLE; Schema: public; Owner: postgres; Tablespace: 
--

CREATE TABLE tcliente (
    idcliente bigint DEFAULT nextval('sidcliente'::regclass) NOT NULL,
    idcodigocli character(10) NOT NULL,
    rifcli character(10) NOT NULL,
    nombrecli character varying(100) NOT NULL,
    apellidocli character varying(100),
    direccioncli character varying(255) NOT NULL,
    correounocli character varying(55) NOT NULL,
    correodoscli character varying(55),
    correotrescli character varying(55),
    telefonounocli character(11) NOT NULL,
    telefonodoscli character(11),
    telefonotrescli character(11),
    observacioncli character varying(255),
    estatuscli character(1) NOT NULL
);


ALTER TABLE public.tcliente OWNER TO postgres;

--
-- TOC entry 195 (class 1259 OID 44792)
-- Dependencies: 1941 5
-- Name: tdocumento; Type: TABLE; Schema: public; Owner: postgres; Tablespace: 
--

CREATE TABLE tdocumento (
    iddocumento bigint DEFAULT nextval('siddocumento'::regclass) NOT NULL,
    descripciondoc character varying(255) NOT NULL,
    vencedoc character(1) NOT NULL,
    duraciondoc bigint NOT NULL,
    observaciondoc character varying(255),
    estatusdoc character(1) NOT NULL
);


ALTER TABLE public.tdocumento OWNER TO postgres;

--
-- TOC entry 199 (class 1259 OID 44822)
-- Dependencies: 1944 5
-- Name: tfactura; Type: TABLE; Schema: public; Owner: postgres; Tablespace: 
--

CREATE TABLE tfactura (
    idfactura bigint DEFAULT nextval('sidfactura'::regclass) NOT NULL,
    tvehiculo_idvehiculo bigint NOT NULL,
    taccesorio_idaccesorio bigint NOT NULL,
    tcliente_idcliente bigint NOT NULL,
    tchofer_idchofer bigint NOT NULL,
    ivafac numeric(10,2) NOT NULL,
    totalfac numeric(10,2) NOT NULL,
    observacionfac character varying(255),
    estatusfac character(1) NOT NULL
);


ALTER TABLE public.tfactura OWNER TO postgres;

--
-- TOC entry 200 (class 1259 OID 44828)
-- Dependencies: 5
-- Name: tfactura_producto; Type: TABLE; Schema: public; Owner: postgres; Tablespace: 
--

CREATE TABLE tfactura_producto (
    tfactura_idfactura bigint NOT NULL,
    tproducto_idproducto bigint NOT NULL,
    cantidadpro numeric(10,2) NOT NULL,
    preciopro numeric(10,2) NOT NULL
);


ALTER TABLE public.tfactura_producto OWNER TO postgres;

--
-- TOC entry 214 (class 1259 OID 45084)
-- Dependencies: 5
-- Name: tgoogle_users; Type: TABLE; Schema: public; Owner: postgres; Tablespace: 
--

CREATE TABLE tgoogle_users (
    google_id numeric(21,0) NOT NULL,
    google_name character varying(60) NOT NULL,
    google_email character varying(60) NOT NULL,
    google_link character varying(60) NOT NULL,
    google_picture_link character varying(60) NOT NULL
);


ALTER TABLE public.tgoogle_users OWNER TO postgres;

--
-- TOC entry 191 (class 1259 OID 44765)
-- Dependencies: 1937 5
-- Name: tmantenimiento; Type: TABLE; Schema: public; Owner: postgres; Tablespace: 
--

CREATE TABLE tmantenimiento (
    idmantenimiento bigint DEFAULT nextval('sidmantenimiento'::regclass) NOT NULL,
    tvehiculo_idvehiculo bigint NOT NULL,
    tservicio_idservicio bigint NOT NULL,
    tproveedor_idproveedor bigint NOT NULL,
    fechaser date NOT NULL,
    fechaproximoser date,
    observacionser character varying(255),
    estatusser character(1) NOT NULL
);


ALTER TABLE public.tmantenimiento OWNER TO postgres;

--
-- TOC entry 198 (class 1259 OID 44813)
-- Dependencies: 1943 5
-- Name: tmarca; Type: TABLE; Schema: public; Owner: postgres; Tablespace: 
--

CREATE TABLE tmarca (
    idmarca bigint DEFAULT nextval('sidmarca'::regclass) NOT NULL,
    descripcionmar character varying(255) NOT NULL,
    observacionmar character varying(255),
    estatusmar character(1) NOT NULL
);


ALTER TABLE public.tmarca OWNER TO postgres;

--
-- TOC entry 197 (class 1259 OID 44804)
-- Dependencies: 1942 5
-- Name: tmodelo; Type: TABLE; Schema: public; Owner: postgres; Tablespace: 
--

CREATE TABLE tmodelo (
    idmodelo bigint DEFAULT nextval('sidmodelo'::regclass) NOT NULL,
    descripcionmod character varying(255) NOT NULL,
    tmarca_idmarca bigint NOT NULL,
    observacionmod character varying(255),
    estatusmod character(1) NOT NULL
);


ALTER TABLE public.tmodelo OWNER TO postgres;

--
-- TOC entry 205 (class 1259 OID 44869)
-- Dependencies: 1954 1955 5
-- Name: tmodulo; Type: TABLE; Schema: public; Owner: postgres; Tablespace: 
--

CREATE TABLE tmodulo (
    idmodulo bigint DEFAULT nextval('sidmodulo'::regclass) NOT NULL,
    nombremod character varying(30) NOT NULL,
    estatusmod character varying(255) DEFAULT 1 NOT NULL,
    icono character varying(65),
    "case" character varying(100)
);


ALTER TABLE public.tmodulo OWNER TO postgres;

--
-- TOC entry 206 (class 1259 OID 44876)
-- Dependencies: 5
-- Name: tmodulo_trol; Type: TABLE; Schema: public; Owner: postgres; Tablespace: 
--

CREATE TABLE tmodulo_trol (
    idmodulo bigint NOT NULL,
    idrol bigint NOT NULL,
    orden integer NOT NULL
);


ALTER TABLE public.tmodulo_trol OWNER TO postgres;

--
-- TOC entry 193 (class 1259 OID 44777)
-- Dependencies: 1939 5
-- Name: tprecinto; Type: TABLE; Schema: public; Owner: postgres; Tablespace: 
--

CREATE TABLE tprecinto (
    idprecinto bigint DEFAULT nextval('sidprecinto'::regclass) NOT NULL,
    idcodigopre character(10) NOT NULL,
    tfactura_idfactura bigint NOT NULL,
    observacionpre character varying(255),
    estatuspre character(1) NOT NULL
);


ALTER TABLE public.tprecinto OWNER TO postgres;

--
-- TOC entry 207 (class 1259 OID 44883)
-- Dependencies: 1956 5
-- Name: tpregunta; Type: TABLE; Schema: public; Owner: postgres; Tablespace: 
--

CREATE TABLE tpregunta (
    idpregunta bigint DEFAULT nextval('sidpregunta'::regclass) NOT NULL,
    pregunta character varying(30) NOT NULL,
    respuesta character varying(30) NOT NULL,
    tusuario_idusuario character varying(20) NOT NULL
);


ALTER TABLE public.tpregunta OWNER TO postgres;

--
-- TOC entry 186 (class 1259 OID 44723)
-- Dependencies: 1932 5
-- Name: tproducto; Type: TABLE; Schema: public; Owner: postgres; Tablespace: 
--

CREATE TABLE tproducto (
    idproducto bigint DEFAULT nextval('sidproducto'::regclass) NOT NULL,
    idcodigopro character(10) NOT NULL,
    descripcioncortapro character varying(100) NOT NULL,
    descripcionlargapro character varying(255),
    unidadmedidapro character(4) NOT NULL,
    preciounitariopro numeric(10,2) NOT NULL,
    existenciapro numeric(10,2) NOT NULL,
    ttipo_producto_idtipo_producto bigint NOT NULL,
    observacionpro character varying(255),
    estatuspro character(1) NOT NULL
);


ALTER TABLE public.tproducto OWNER TO postgres;

--
-- TOC entry 188 (class 1259 OID 44741)
-- Dependencies: 1934 5
-- Name: tproveedor; Type: TABLE; Schema: public; Owner: postgres; Tablespace: 
--

CREATE TABLE tproveedor (
    idproveedor bigint DEFAULT nextval('sidproveedor'::regclass) NOT NULL,
    idcodigopro character(10) NOT NULL,
    rifpro character(10) NOT NULL,
    nombrepro character varying(100) NOT NULL,
    correounopro character varying(55) NOT NULL,
    correodospro character varying(55),
    telefonounopro character(11) NOT NULL,
    telefonodospro character(11),
    numerocuentapro character(20) NOT NULL,
    tbanco_idbanco bigint NOT NULL,
    observacionpro character varying(255),
    estatuspro character(1) NOT NULL
);


ALTER TABLE public.tproveedor OWNER TO postgres;

--
-- TOC entry 208 (class 1259 OID 44890)
-- Dependencies: 1957 1958 5
-- Name: trol; Type: TABLE; Schema: public; Owner: postgres; Tablespace: 
--

CREATE TABLE trol (
    idrol bigint DEFAULT nextval('sidrol'::regclass) NOT NULL,
    nombrerol character varying(45) NOT NULL,
    estatusrol character varying(255) DEFAULT 1 NOT NULL
);


ALTER TABLE public.trol OWNER TO postgres;

--
-- TOC entry 209 (class 1259 OID 44897)
-- Dependencies: 1959 1960 1961 5
-- Name: tservicio; Type: TABLE; Schema: public; Owner: postgres; Tablespace: 
--

CREATE TABLE tservicio (
    idservicio bigint DEFAULT nextval('sidservicio'::regclass) NOT NULL,
    nombreser character varying(50) NOT NULL,
    enlaceser character varying(50) NOT NULL,
    visibleser character varying(255) DEFAULT 1 NOT NULL,
    estatusser character varying(255) DEFAULT 1 NOT NULL,
    idmodulo bigint NOT NULL
);


ALTER TABLE public.tservicio OWNER TO postgres;

--
-- TOC entry 190 (class 1259 OID 44756)
-- Dependencies: 1936 5
-- Name: tservicio_mantenimiento; Type: TABLE; Schema: public; Owner: postgres; Tablespace: 
--

CREATE TABLE tservicio_mantenimiento (
    idservicio bigint DEFAULT nextval('sidservicio_mantenimiento'::regclass) NOT NULL,
    descripcionser character varying(255) NOT NULL,
    observacionser character varying(255),
    estatusser character(1) NOT NULL
);


ALTER TABLE public.tservicio_mantenimiento OWNER TO postgres;

--
-- TOC entry 201 (class 1259 OID 44831)
-- Dependencies: 5
-- Name: tservicio_proveedor; Type: TABLE; Schema: public; Owner: postgres; Tablespace: 
--

CREATE TABLE tservicio_proveedor (
    tservicio_idservicio bigint,
    tproveedor_idproveedor bigint
);


ALTER TABLE public.tservicio_proveedor OWNER TO postgres;

--
-- TOC entry 211 (class 1259 OID 44911)
-- Dependencies: 5
-- Name: tservicio_trol; Type: TABLE; Schema: public; Owner: postgres; Tablespace: 
--

CREATE TABLE tservicio_trol (
    idservicio bigint NOT NULL,
    idrol bigint NOT NULL,
    orden integer
);


ALTER TABLE public.tservicio_trol OWNER TO postgres;

--
-- TOC entry 210 (class 1259 OID 44909)
-- Dependencies: 211 5
-- Name: tservicio_trol_idservicio_seq; Type: SEQUENCE; Schema: public; Owner: postgres
--

CREATE SEQUENCE tservicio_trol_idservicio_seq
    START WITH 1
    INCREMENT BY 1
    NO MINVALUE
    NO MAXVALUE
    CACHE 1;


ALTER TABLE public.tservicio_trol_idservicio_seq OWNER TO postgres;

--
-- TOC entry 2225 (class 0 OID 0)
-- Dependencies: 210
-- Name: tservicio_trol_idservicio_seq; Type: SEQUENCE OWNED BY; Schema: public; Owner: postgres
--

ALTER SEQUENCE tservicio_trol_idservicio_seq OWNED BY tservicio_trol.idservicio;


--
-- TOC entry 212 (class 1259 OID 44919)
-- Dependencies: 1963 1964 1965 1966 1967 5
-- Name: tsistema; Type: TABLE; Schema: public; Owner: postgres; Tablespace: 
--

CREATE TABLE tsistema (
    idconfiguracion bigint DEFAULT nextval('sidconfiguracion'::regclass) NOT NULL,
    introducion text,
    mision text,
    vision text,
    historia text,
    objetivos text,
    direccion text,
    nropreguntas character varying(2) DEFAULT NULL::character varying,
    clavepredeterminada character varying(45) DEFAULT NULL::character varying,
    nrointentos character varying(45) DEFAULT NULL::character varying,
    tiempocaducida character varying(3) DEFAULT NULL::character varying,
    tiempoconexion integer,
    tiempolapso integer
);


ALTER TABLE public.tsistema OWNER TO postgres;

--
-- TOC entry 187 (class 1259 OID 44732)
-- Dependencies: 1933 5
-- Name: ttipo_producto; Type: TABLE; Schema: public; Owner: postgres; Tablespace: 
--

CREATE TABLE ttipo_producto (
    idtipo_producto bigint DEFAULT nextval('sidtipo_producto'::regclass) NOT NULL,
    descripciontip character varying(255) NOT NULL,
    observaciontip character varying(255),
    estatustip character(1) NOT NULL
);


ALTER TABLE public.ttipo_producto OWNER TO postgres;

--
-- TOC entry 213 (class 1259 OID 44932)
-- Dependencies: 1968 1969 5
-- Name: tusuario; Type: TABLE; Schema: public; Owner: postgres; Tablespace: 
--

CREATE TABLE tusuario (
    idusuario character varying(20) NOT NULL,
    nombreusu character varying(45) NOT NULL,
    emailusu character varying(55) NOT NULL,
    estatususu character varying(255) DEFAULT 1 NOT NULL,
    ultima_actividadusu character varying(255) NOT NULL,
    trol_idrol integer NOT NULL,
    cedula character(9) DEFAULT 'S/C'::bpchar,
    intentos_fallidos integer NOT NULL
);


ALTER TABLE public.tusuario OWNER TO postgres;

--
-- TOC entry 192 (class 1259 OID 44771)
-- Dependencies: 1938 5
-- Name: tvehiculo; Type: TABLE; Schema: public; Owner: postgres; Tablespace: 
--

CREATE TABLE tvehiculo (
    idvehiculo bigint DEFAULT nextval('sidvehiculo'::regclass) NOT NULL,
    idcodigoveh character(10) NOT NULL,
    aliasveh character varying(50),
    placaveh character(9) NOT NULL,
    anoveh character(4) NOT NULL,
    colorveh character varying(20) NOT NULL,
    tmodelo_idmodelo bigint NOT NULL,
    observacionveh character varying(255),
    estatusveh character(1) NOT NULL
);


ALTER TABLE public.tvehiculo OWNER TO postgres;

--
-- TOC entry 215 (class 1259 OID 45115)
-- Dependencies: 5
-- Name: tvehiculo_accesorio; Type: TABLE; Schema: public; Owner: postgres; Tablespace: 
--

CREATE TABLE tvehiculo_accesorio (
    tvehiculo_idvehiculo bigint,
    taccesorio_idaccesorio bigint
);


ALTER TABLE public.tvehiculo_accesorio OWNER TO postgres;

--
-- TOC entry 1962 (class 2604 OID 44914)
-- Dependencies: 211 210 211
-- Name: idservicio; Type: DEFAULT; Schema: public; Owner: postgres
--

ALTER TABLE ONLY tservicio_trol ALTER COLUMN idservicio SET DEFAULT nextval('tservicio_trol_idservicio_seq'::regclass);


--
-- TOC entry 2226 (class 0 OID 0)
-- Dependencies: 170
-- Name: sidacceso; Type: SEQUENCE SET; Schema: public; Owner: postgres
--

SELECT pg_catalog.setval('sidacceso', 13, true);


--
-- TOC entry 2227 (class 0 OID 0)
-- Dependencies: 161
-- Name: sidaccesorio; Type: SEQUENCE SET; Schema: public; Owner: postgres
--

SELECT pg_catalog.setval('sidaccesorio', 1, false);


--
-- TOC entry 2228 (class 0 OID 0)
-- Dependencies: 178
-- Name: sidbanco; Type: SEQUENCE SET; Schema: public; Owner: postgres
--

SELECT pg_catalog.setval('sidbanco', 1, false);


--
-- TOC entry 2229 (class 0 OID 0)
-- Dependencies: 169
-- Name: sidbitacora; Type: SEQUENCE SET; Schema: public; Owner: postgres
--

SELECT pg_catalog.setval('sidbitacora', 15, true);


--
-- TOC entry 2230 (class 0 OID 0)
-- Dependencies: 182
-- Name: sidchofer; Type: SEQUENCE SET; Schema: public; Owner: postgres
--

SELECT pg_catalog.setval('sidchofer', 1, false);


--
-- TOC entry 2231 (class 0 OID 0)
-- Dependencies: 168
-- Name: sidclave; Type: SEQUENCE SET; Schema: public; Owner: postgres
--

SELECT pg_catalog.setval('sidclave', 1, true);


--
-- TOC entry 2232 (class 0 OID 0)
-- Dependencies: 183
-- Name: sidcliente; Type: SEQUENCE SET; Schema: public; Owner: postgres
--

SELECT pg_catalog.setval('sidcliente', 1, false);


--
-- TOC entry 2233 (class 0 OID 0)
-- Dependencies: 164
-- Name: sidconfiguracion; Type: SEQUENCE SET; Schema: public; Owner: postgres
--

SELECT pg_catalog.setval('sidconfiguracion', 1, true);


--
-- TOC entry 2234 (class 0 OID 0)
-- Dependencies: 173
-- Name: siddocumento; Type: SEQUENCE SET; Schema: public; Owner: postgres
--

SELECT pg_catalog.setval('siddocumento', 1, false);


--
-- TOC entry 2235 (class 0 OID 0)
-- Dependencies: 162
-- Name: sidfactura; Type: SEQUENCE SET; Schema: public; Owner: postgres
--

SELECT pg_catalog.setval('sidfactura', 1, false);


--
-- TOC entry 2236 (class 0 OID 0)
-- Dependencies: 176
-- Name: sidmantenimiento; Type: SEQUENCE SET; Schema: public; Owner: postgres
--

SELECT pg_catalog.setval('sidmantenimiento', 1, false);


--
-- TOC entry 2237 (class 0 OID 0)
-- Dependencies: 171
-- Name: sidmarca; Type: SEQUENCE SET; Schema: public; Owner: postgres
--

SELECT pg_catalog.setval('sidmarca', 1, false);


--
-- TOC entry 2238 (class 0 OID 0)
-- Dependencies: 172
-- Name: sidmodelo; Type: SEQUENCE SET; Schema: public; Owner: postgres
--

SELECT pg_catalog.setval('sidmodelo', 1, false);


--
-- TOC entry 2239 (class 0 OID 0)
-- Dependencies: 167
-- Name: sidmodulo; Type: SEQUENCE SET; Schema: public; Owner: postgres
--

SELECT pg_catalog.setval('sidmodulo', 2, true);


--
-- TOC entry 2240 (class 0 OID 0)
-- Dependencies: 174
-- Name: sidprecinto; Type: SEQUENCE SET; Schema: public; Owner: postgres
--

SELECT pg_catalog.setval('sidprecinto', 1, false);


--
-- TOC entry 2241 (class 0 OID 0)
-- Dependencies: 163
-- Name: sidpregunta; Type: SEQUENCE SET; Schema: public; Owner: postgres
--

SELECT pg_catalog.setval('sidpregunta', 1, false);


--
-- TOC entry 2242 (class 0 OID 0)
-- Dependencies: 181
-- Name: sidproducto; Type: SEQUENCE SET; Schema: public; Owner: postgres
--

SELECT pg_catalog.setval('sidproducto', 1, false);


--
-- TOC entry 2243 (class 0 OID 0)
-- Dependencies: 179
-- Name: sidproveedor; Type: SEQUENCE SET; Schema: public; Owner: postgres
--

SELECT pg_catalog.setval('sidproveedor', 1, false);


--
-- TOC entry 2244 (class 0 OID 0)
-- Dependencies: 166
-- Name: sidrol; Type: SEQUENCE SET; Schema: public; Owner: postgres
--

SELECT pg_catalog.setval('sidrol', 2, true);


--
-- TOC entry 2245 (class 0 OID 0)
-- Dependencies: 177
-- Name: sidservicio; Type: SEQUENCE SET; Schema: public; Owner: postgres
--

SELECT pg_catalog.setval('sidservicio', 10, true);


--
-- TOC entry 2246 (class 0 OID 0)
-- Dependencies: 165
-- Name: sidservicio_mantenimiento; Type: SEQUENCE SET; Schema: public; Owner: postgres
--

SELECT pg_catalog.setval('sidservicio_mantenimiento', 1, false);


--
-- TOC entry 2247 (class 0 OID 0)
-- Dependencies: 180
-- Name: sidtipo_producto; Type: SEQUENCE SET; Schema: public; Owner: postgres
--

SELECT pg_catalog.setval('sidtipo_producto', 1, false);


--
-- TOC entry 2248 (class 0 OID 0)
-- Dependencies: 175
-- Name: sidvehiculo; Type: SEQUENCE SET; Schema: public; Owner: postgres
--

SELECT pg_catalog.setval('sidvehiculo', 1, false);


--
-- TOC entry 2203 (class 0 OID 44834)
-- Dependencies: 202 2217
-- Data for Name: tacceso; Type: TABLE DATA; Schema: public; Owner: postgres
--

COPY tacceso (idacceso, idusuario, exitoacc, ipacc, estatusacc, fechaacc, fecha_salidaacc, ultima_actividadacc) FROM stdin;
1	Administrador	0	127.0.0.1	0	\N	\N	\N
2	Administrador	0	127.0.0.1	0	\N	\N	\N
3	Administrador	0	127.0.0.1	0	\N	\N	\N
4	Administrador	0	127.0.0.1	0	\N	\N	\N
5	Administrador	0	127.0.0.1	0	\N	\N	\N
6	Administrador	0	127.0.0.1	0	\N	\N	\N
7	Administrador	0	127.0.0.1	0	\N	\N	\N
8	Administrador	0	127.0.0.1	0	\N	\N	\N
9	Administrador	0	127.0.0.1	0	\N	\N	\N
10	Administrador	0	127.0.0.1	0	\N	\N	\N
11	Administrador	0	127.0.0.1	0	\N	\N	\N
12	administrador	0	192.168.1.102	0	\N	\N	\N
13		0	192.168.1.102	0	\N	\N	\N
\.


--
-- TOC entry 2195 (class 0 OID 44783)
-- Dependencies: 194 2217
-- Data for Name: taccesorio; Type: TABLE DATA; Schema: public; Owner: postgres
--

COPY taccesorio (idaccesorio, idcodigoacc, tmodelo_idmodelo, placaacc, coloracc, anoacc, capacidadacc, unidadmedidaacc, observacionacc, estatusacc) FROM stdin;
\.


--
-- TOC entry 2190 (class 0 OID 44750)
-- Dependencies: 189 2217
-- Data for Name: tbanco; Type: TABLE DATA; Schema: public; Owner: postgres
--

COPY tbanco (idbanco, nombreban, observacionban, estatusban) FROM stdin;
\.


--
-- TOC entry 2204 (class 0 OID 44847)
-- Dependencies: 203 2217
-- Data for Name: tbitacora; Type: TABLE DATA; Schema: public; Owner: postgres
--

COPY tbitacora (idbitacora, direccionbit, fechahorabit, valoranteriorbit, valornuevobit, ipbit, motivobit, operacionbit, campobit, tablabit, idusuario, serviciobit) FROM stdin;
1	http://localhost:8080/venasol/admin/admin/vista/?modulo=seguridad&vista=registrar_rol	2015-03-20 09:03:00			127.0.0.1	Cargar datos	Registrar	*	trol	Administrador	registrar_rol
2	http://localhost:8080/venasol/admin/admin/vista/?modulo=seguridad&vista=registrar_rol	2015-03-20 09:03:00			127.0.0.1	Cargar datos	Registrar	*	trol	Administrador	registrar_rol
3	http://localhost:8080/venasol/admin/admin/vista/?modulo=seguridad&vista=registrar_rol	2015-03-20 09:03:00			127.0.0.1	Cargar datos	Registrar	*	trol	Administrador	registrar_rol
4	http://localhost:8080/venasol/admin/admin/vista/?modulo=seguridad&vista=registrar_rol	2015-03-20 09:03:00			127.0.0.1	Cargar datos	Registrar	*	trol	Administrador	registrar_rol
5	http://localhost:8080/venasol/admin/admin/vista/?modulo=seguridad&vista=registrar_rol	2015-03-20 09:03:00			127.0.0.1	Cargar datos	Registrar	*	trol	Administrador	registrar_rol
6	http://localhost:8080/venasol/admin/admin/vista/?modulo=seguridad&vista=registrar_rol	2015-03-20 09:03:00			127.0.0.1	Cargar datos	Registrar	*	trol	Administrador	registrar_rol
7	http://localhost:8080/venasol/admin/admin/vista/?modulo=seguridad&vista=rol	2015-03-20 09:03:00	1	0	127.0.0.1	No sé utiliza	Eliminar	estatusser	trol	Administrador	eliminar_rol
8	http://localhost:8080/venasol/admin/admin/vista/?modulo=seguridad&vista=rol	2015-03-20 09:03:00	1	0	127.0.0.1	No sé utiliza	Eliminar	estatusser	trol	Administrador	eliminar_rol
9	http://localhost:8080/venasol/admin/admin/vista/?modulo=seguridad&vista=rol	2015-03-20 09:03:00	0	1	127.0.0.1	No sé utiliza	Restaurar	estatusrol	trol	Administrador	restaurar_rol
10	http://localhost:8080/venasol/admin/admin/vista/?modulo=seguridad&vista=rol	2015-03-20 09:03:00	0	1	127.0.0.1	No sé utiliza	Restaurar	estatusrol	trol	Administrador	restaurar_rol
11	http://localhost:8080/venasol/admin/admin/vista/?modulo=seguridad&vista=rol	2015-03-20 09:03:00	1	0	127.0.0.1	No sé utiliza	Eliminar	estatusser	trol	Administrador	eliminar_rol
12	http://localhost:8080/venasol/admin/admin/vista/?modulo=seguridad&vista=rol	2015-03-20 09:03:00	0	1	127.0.0.1	No sé utiliza	Restaurar	estatusrol	trol	Administrador	restaurar_rol
13	http://localhost:8080/venasol/admin/admin/vista/?modulo=seguridad/rol	2015-03-21 05:03:00	1	0	127.0.0.1	No sé utiliza	Eliminar	estatusser	trol	Administrador	eliminar_rol
14	http://localhost:8080/venasol/admin/admin/vista/?modulo=seguridad/rol	2015-03-21 05:03:00	1	0	127.0.0.1	No sé utiliza	Eliminar	estatusser	trol	Administrador	eliminar_rol
15	http://localhost:8080/venasol/admin/admin/vista/?modulo=seguridad/rol	2015-03-21 05:03:00	0	1	127.0.0.1	No sé utiliza	Restaurar	estatusrol	trol	Administrador	restaurar_rol
\.


--
-- TOC entry 2186 (class 0 OID 44714)
-- Dependencies: 185 2217
-- Data for Name: tchofer; Type: TABLE DATA; Schema: public; Owner: postgres
--

COPY tchofer (idchofer, idcodigocho, aliascho, nombrecho, apellidocho, ceula_rifcho, nacionalidadcho, fechanacimientocho, direccioncho, correocho, telefonomovilcho, telefonolocalcho, observacioncho, estatuscho) FROM stdin;
\.


--
-- TOC entry 2197 (class 0 OID 44801)
-- Dependencies: 196 2217
-- Data for Name: tchofer_documento; Type: TABLE DATA; Schema: public; Owner: postgres
--

COPY tchofer_documento (tchofer_idchofer, tdocumento_iddocumento, fechaemisiondoc, fechavencimientodoc, directoriodoc, estatusdoc) FROM stdin;
\.


--
-- TOC entry 2205 (class 0 OID 44861)
-- Dependencies: 204 2217
-- Data for Name: tclave; Type: TABLE DATA; Schema: public; Owner: postgres
--

COPY tclave (idclave, clavecla, fechainiciocla, fechafincla, estatuscla, tusuario_idusuario) FROM stdin;
1	96cab341bae5567148a5e5d9e636e13e	2015-03-19	2015-06-10	1	Administrador
\.


--
-- TOC entry 2185 (class 0 OID 44705)
-- Dependencies: 184 2217
-- Data for Name: tcliente; Type: TABLE DATA; Schema: public; Owner: postgres
--

COPY tcliente (idcliente, idcodigocli, rifcli, nombrecli, apellidocli, direccioncli, correounocli, correodoscli, correotrescli, telefonounocli, telefonodoscli, telefonotrescli, observacioncli, estatuscli) FROM stdin;
\.


--
-- TOC entry 2196 (class 0 OID 44792)
-- Dependencies: 195 2217
-- Data for Name: tdocumento; Type: TABLE DATA; Schema: public; Owner: postgres
--

COPY tdocumento (iddocumento, descripciondoc, vencedoc, duraciondoc, observaciondoc, estatusdoc) FROM stdin;
\.


--
-- TOC entry 2200 (class 0 OID 44822)
-- Dependencies: 199 2217
-- Data for Name: tfactura; Type: TABLE DATA; Schema: public; Owner: postgres
--

COPY tfactura (idfactura, tvehiculo_idvehiculo, taccesorio_idaccesorio, tcliente_idcliente, tchofer_idchofer, ivafac, totalfac, observacionfac, estatusfac) FROM stdin;
\.


--
-- TOC entry 2201 (class 0 OID 44828)
-- Dependencies: 200 2217
-- Data for Name: tfactura_producto; Type: TABLE DATA; Schema: public; Owner: postgres
--

COPY tfactura_producto (tfactura_idfactura, tproducto_idproducto, cantidadpro, preciopro) FROM stdin;
\.


--
-- TOC entry 2215 (class 0 OID 45084)
-- Dependencies: 214 2217
-- Data for Name: tgoogle_users; Type: TABLE DATA; Schema: public; Owner: postgres
--

COPY tgoogle_users (google_id, google_name, google_email, google_link, google_picture_link) FROM stdin;
\.


--
-- TOC entry 2192 (class 0 OID 44765)
-- Dependencies: 191 2217
-- Data for Name: tmantenimiento; Type: TABLE DATA; Schema: public; Owner: postgres
--

COPY tmantenimiento (idmantenimiento, tvehiculo_idvehiculo, tservicio_idservicio, tproveedor_idproveedor, fechaser, fechaproximoser, observacionser, estatusser) FROM stdin;
\.


--
-- TOC entry 2199 (class 0 OID 44813)
-- Dependencies: 198 2217
-- Data for Name: tmarca; Type: TABLE DATA; Schema: public; Owner: postgres
--

COPY tmarca (idmarca, descripcionmar, observacionmar, estatusmar) FROM stdin;
\.


--
-- TOC entry 2198 (class 0 OID 44804)
-- Dependencies: 197 2217
-- Data for Name: tmodelo; Type: TABLE DATA; Schema: public; Owner: postgres
--

COPY tmodelo (idmodelo, descripcionmod, tmarca_idmarca, observacionmod, estatusmod) FROM stdin;
\.


--
-- TOC entry 2206 (class 0 OID 44869)
-- Dependencies: 205 2217
-- Data for Name: tmodulo; Type: TABLE DATA; Schema: public; Owner: postgres
--

COPY tmodulo (idmodulo, nombremod, estatusmod, icono, "case") FROM stdin;
1	Seguridad	1	lock	seguridad
2	Configuración	1	cogs	\N
\.


--
-- TOC entry 2207 (class 0 OID 44876)
-- Dependencies: 206 2217
-- Data for Name: tmodulo_trol; Type: TABLE DATA; Schema: public; Owner: postgres
--

COPY tmodulo_trol (idmodulo, idrol, orden) FROM stdin;
1	2	2
1	1	1
2	1	2
\.


--
-- TOC entry 2194 (class 0 OID 44777)
-- Dependencies: 193 2217
-- Data for Name: tprecinto; Type: TABLE DATA; Schema: public; Owner: postgres
--

COPY tprecinto (idprecinto, idcodigopre, tfactura_idfactura, observacionpre, estatuspre) FROM stdin;
\.


--
-- TOC entry 2208 (class 0 OID 44883)
-- Dependencies: 207 2217
-- Data for Name: tpregunta; Type: TABLE DATA; Schema: public; Owner: postgres
--

COPY tpregunta (idpregunta, pregunta, respuesta, tusuario_idusuario) FROM stdin;
\.


--
-- TOC entry 2187 (class 0 OID 44723)
-- Dependencies: 186 2217
-- Data for Name: tproducto; Type: TABLE DATA; Schema: public; Owner: postgres
--

COPY tproducto (idproducto, idcodigopro, descripcioncortapro, descripcionlargapro, unidadmedidapro, preciounitariopro, existenciapro, ttipo_producto_idtipo_producto, observacionpro, estatuspro) FROM stdin;
\.


--
-- TOC entry 2189 (class 0 OID 44741)
-- Dependencies: 188 2217
-- Data for Name: tproveedor; Type: TABLE DATA; Schema: public; Owner: postgres
--

COPY tproveedor (idproveedor, idcodigopro, rifpro, nombrepro, correounopro, correodospro, telefonounopro, telefonodospro, numerocuentapro, tbanco_idbanco, observacionpro, estatuspro) FROM stdin;
\.


--
-- TOC entry 2209 (class 0 OID 44890)
-- Dependencies: 208 2217
-- Data for Name: trol; Type: TABLE DATA; Schema: public; Owner: postgres
--

COPY trol (idrol, nombrerol, estatusrol) FROM stdin;
1	Adminsitrador	1
2	Operador	1
\.


--
-- TOC entry 2210 (class 0 OID 44897)
-- Dependencies: 209 2217
-- Data for Name: tservicio; Type: TABLE DATA; Schema: public; Owner: postgres
--

COPY tservicio (idservicio, nombreser, enlaceser, visibleser, estatusser, idmodulo) FROM stdin;
1	Rol	?modulo=seguridad/rol	1	1	1
2	Registrar Rol	?modulo=seguridad/registrar_rol	0	1	1
3	Consultar Rol	?modulo=seguridad/consultar_rol	0	1	1
4	Desactivar Rol	?modulo=seguridad/eliminar_rol	0	1	1
5	Asignar módulos/servicios	?modulo=seguridad/asignacion	1	1	1
7	Registrar servicio	?modulo=seguridad/registrar_servicio		1	1
8	Servicio	?modulo=seguridad/servicio	1	1	1
9	Consultar servicio	?modulo=seguridad/consultar_servicio		1	1
10	Eliminar Servicio	?modulo=seguridad/eliminar_servicio		1	1
\.


--
-- TOC entry 2191 (class 0 OID 44756)
-- Dependencies: 190 2217
-- Data for Name: tservicio_mantenimiento; Type: TABLE DATA; Schema: public; Owner: postgres
--

COPY tservicio_mantenimiento (idservicio, descripcionser, observacionser, estatusser) FROM stdin;
\.


--
-- TOC entry 2202 (class 0 OID 44831)
-- Dependencies: 201 2217
-- Data for Name: tservicio_proveedor; Type: TABLE DATA; Schema: public; Owner: postgres
--

COPY tservicio_proveedor (tservicio_idservicio, tproveedor_idproveedor) FROM stdin;
\.


--
-- TOC entry 2212 (class 0 OID 44911)
-- Dependencies: 211 2217
-- Data for Name: tservicio_trol; Type: TABLE DATA; Schema: public; Owner: postgres
--

COPY tservicio_trol (idservicio, idrol, orden) FROM stdin;
1	1	1
8	1	2
5	1	3
4	1	0
3	1	0
2	1	0
7	1	0
10	1	0
9	1	0
\.


--
-- TOC entry 2249 (class 0 OID 0)
-- Dependencies: 210
-- Name: tservicio_trol_idservicio_seq; Type: SEQUENCE SET; Schema: public; Owner: postgres
--

SELECT pg_catalog.setval('tservicio_trol_idservicio_seq', 1, false);


--
-- TOC entry 2213 (class 0 OID 44919)
-- Dependencies: 212 2217
-- Data for Name: tsistema; Type: TABLE DATA; Schema: public; Owner: postgres
--

COPY tsistema (idconfiguracion, introducion, mision, vision, historia, objetivos, direccion, nropreguntas, clavepredeterminada, nrointentos, tiempocaducida, tiempoconexion, tiempolapso) FROM stdin;
1	\N	\N	\N	\N	\N	\N	2	12345678	3	60	30	\N
\.


--
-- TOC entry 2188 (class 0 OID 44732)
-- Dependencies: 187 2217
-- Data for Name: ttipo_producto; Type: TABLE DATA; Schema: public; Owner: postgres
--

COPY ttipo_producto (idtipo_producto, descripciontip, observaciontip, estatustip) FROM stdin;
\.


--
-- TOC entry 2214 (class 0 OID 44932)
-- Dependencies: 213 2217
-- Data for Name: tusuario; Type: TABLE DATA; Schema: public; Owner: postgres
--

COPY tusuario (idusuario, nombreusu, emailusu, estatususu, ultima_actividadusu, trol_idrol, cedula, intentos_fallidos) FROM stdin;
Administrador	Webmaster	recupera.javier@gmail.com	1	2015-03-19	1	21561768 	2
\.


--
-- TOC entry 2193 (class 0 OID 44771)
-- Dependencies: 192 2217
-- Data for Name: tvehiculo; Type: TABLE DATA; Schema: public; Owner: postgres
--

COPY tvehiculo (idvehiculo, idcodigoveh, aliasveh, placaveh, anoveh, colorveh, tmodelo_idmodelo, observacionveh, estatusveh) FROM stdin;
\.


--
-- TOC entry 2216 (class 0 OID 45115)
-- Dependencies: 215 2217
-- Data for Name: tvehiculo_accesorio; Type: TABLE DATA; Schema: public; Owner: postgres
--

COPY tvehiculo_accesorio (tvehiculo_idvehiculo, taccesorio_idaccesorio) FROM stdin;
\.


--
-- TOC entry 1991 (class 2606 OID 44791)
-- Dependencies: 194 194 2218
-- Name: pk_idaccesorio; Type: CONSTRAINT; Schema: public; Owner: postgres; Tablespace: 
--

ALTER TABLE ONLY taccesorio
    ADD CONSTRAINT pk_idaccesorio PRIMARY KEY (idaccesorio);


--
-- TOC entry 1981 (class 2606 OID 44755)
-- Dependencies: 189 189 2218
-- Name: pk_idbanco; Type: CONSTRAINT; Schema: public; Owner: postgres; Tablespace: 
--

ALTER TABLE ONLY tbanco
    ADD CONSTRAINT pk_idbanco PRIMARY KEY (idbanco);


--
-- TOC entry 1971 (class 2606 OID 44713)
-- Dependencies: 184 184 2218
-- Name: pk_idcliente; Type: CONSTRAINT; Schema: public; Owner: postgres; Tablespace: 
--

ALTER TABLE ONLY tcliente
    ADD CONSTRAINT pk_idcliente PRIMARY KEY (idcliente);


--
-- TOC entry 1993 (class 2606 OID 44800)
-- Dependencies: 195 195 2218
-- Name: pk_iddocumento; Type: CONSTRAINT; Schema: public; Owner: postgres; Tablespace: 
--

ALTER TABLE ONLY tdocumento
    ADD CONSTRAINT pk_iddocumento PRIMARY KEY (iddocumento);


--
-- TOC entry 1999 (class 2606 OID 44827)
-- Dependencies: 199 199 2218
-- Name: pk_idfactura; Type: CONSTRAINT; Schema: public; Owner: postgres; Tablespace: 
--

ALTER TABLE ONLY tfactura
    ADD CONSTRAINT pk_idfactura PRIMARY KEY (idfactura);


--
-- TOC entry 1985 (class 2606 OID 44770)
-- Dependencies: 191 191 2218
-- Name: pk_idmantenimiento; Type: CONSTRAINT; Schema: public; Owner: postgres; Tablespace: 
--

ALTER TABLE ONLY tmantenimiento
    ADD CONSTRAINT pk_idmantenimiento PRIMARY KEY (idmantenimiento);


--
-- TOC entry 1997 (class 2606 OID 44821)
-- Dependencies: 198 198 2218
-- Name: pk_idmarca; Type: CONSTRAINT; Schema: public; Owner: postgres; Tablespace: 
--

ALTER TABLE ONLY tmarca
    ADD CONSTRAINT pk_idmarca PRIMARY KEY (idmarca);


--
-- TOC entry 1995 (class 2606 OID 44812)
-- Dependencies: 197 197 2218
-- Name: pk_idmodelo; Type: CONSTRAINT; Schema: public; Owner: postgres; Tablespace: 
--

ALTER TABLE ONLY tmodelo
    ADD CONSTRAINT pk_idmodelo PRIMARY KEY (idmodelo);


--
-- TOC entry 1975 (class 2606 OID 44731)
-- Dependencies: 186 186 2218
-- Name: pk_idproducto; Type: CONSTRAINT; Schema: public; Owner: postgres; Tablespace: 
--

ALTER TABLE ONLY tproducto
    ADD CONSTRAINT pk_idproducto PRIMARY KEY (idproducto);


--
-- TOC entry 1979 (class 2606 OID 44749)
-- Dependencies: 188 188 2218
-- Name: pk_idproveedor; Type: CONSTRAINT; Schema: public; Owner: postgres; Tablespace: 
--

ALTER TABLE ONLY tproveedor
    ADD CONSTRAINT pk_idproveedor PRIMARY KEY (idproveedor);


--
-- TOC entry 1983 (class 2606 OID 44764)
-- Dependencies: 190 190 2218
-- Name: pk_idservicio; Type: CONSTRAINT; Schema: public; Owner: postgres; Tablespace: 
--

ALTER TABLE ONLY tservicio_mantenimiento
    ADD CONSTRAINT pk_idservicio PRIMARY KEY (idservicio);


--
-- TOC entry 1987 (class 2606 OID 44776)
-- Dependencies: 192 192 2218
-- Name: pk_idvehiculo; Type: CONSTRAINT; Schema: public; Owner: postgres; Tablespace: 
--

ALTER TABLE ONLY tvehiculo
    ADD CONSTRAINT pk_idvehiculo PRIMARY KEY (idvehiculo);


--
-- TOC entry 2002 (class 2606 OID 44845)
-- Dependencies: 202 202 2218
-- Name: tacceso_pkey; Type: CONSTRAINT; Schema: public; Owner: postgres; Tablespace: 
--

ALTER TABLE ONLY tacceso
    ADD CONSTRAINT tacceso_pkey PRIMARY KEY (idacceso);


--
-- TOC entry 2005 (class 2606 OID 44859)
-- Dependencies: 203 203 2218
-- Name: tbitacora_pkey; Type: CONSTRAINT; Schema: public; Owner: postgres; Tablespace: 
--

ALTER TABLE ONLY tbitacora
    ADD CONSTRAINT tbitacora_pkey PRIMARY KEY (idbitacora);


--
-- TOC entry 1973 (class 2606 OID 44722)
-- Dependencies: 185 185 2218
-- Name: tchofer_pkey; Type: CONSTRAINT; Schema: public; Owner: postgres; Tablespace: 
--

ALTER TABLE ONLY tchofer
    ADD CONSTRAINT tchofer_pkey PRIMARY KEY (idchofer);


--
-- TOC entry 2008 (class 2606 OID 44867)
-- Dependencies: 204 204 2218
-- Name: tclave_pkey; Type: CONSTRAINT; Schema: public; Owner: postgres; Tablespace: 
--

ALTER TABLE ONLY tclave
    ADD CONSTRAINT tclave_pkey PRIMARY KEY (idclave);


--
-- TOC entry 2033 (class 2606 OID 45088)
-- Dependencies: 214 214 2218
-- Name: tgoogle_users_pkey; Type: CONSTRAINT; Schema: public; Owner: postgres; Tablespace: 
--

ALTER TABLE ONLY tgoogle_users
    ADD CONSTRAINT tgoogle_users_pkey PRIMARY KEY (google_id);


--
-- TOC entry 2010 (class 2606 OID 44875)
-- Dependencies: 205 205 2218
-- Name: tmodulo_pkey; Type: CONSTRAINT; Schema: public; Owner: postgres; Tablespace: 
--

ALTER TABLE ONLY tmodulo
    ADD CONSTRAINT tmodulo_pkey PRIMARY KEY (idmodulo);


--
-- TOC entry 2014 (class 2606 OID 44880)
-- Dependencies: 206 206 206 2218
-- Name: tmodulo_trol_pkey; Type: CONSTRAINT; Schema: public; Owner: postgres; Tablespace: 
--

ALTER TABLE ONLY tmodulo_trol
    ADD CONSTRAINT tmodulo_trol_pkey PRIMARY KEY (idmodulo, idrol);


--
-- TOC entry 1989 (class 2606 OID 44782)
-- Dependencies: 193 193 2218
-- Name: tprecinto_pkey; Type: CONSTRAINT; Schema: public; Owner: postgres; Tablespace: 
--

ALTER TABLE ONLY tprecinto
    ADD CONSTRAINT tprecinto_pkey PRIMARY KEY (idprecinto);


--
-- TOC entry 2017 (class 2606 OID 44888)
-- Dependencies: 207 207 2218
-- Name: tpregunta_pkey; Type: CONSTRAINT; Schema: public; Owner: postgres; Tablespace: 
--

ALTER TABLE ONLY tpregunta
    ADD CONSTRAINT tpregunta_pkey PRIMARY KEY (idpregunta);


--
-- TOC entry 2019 (class 2606 OID 44896)
-- Dependencies: 208 208 2218
-- Name: trol_pkey; Type: CONSTRAINT; Schema: public; Owner: postgres; Tablespace: 
--

ALTER TABLE ONLY trol
    ADD CONSTRAINT trol_pkey PRIMARY KEY (idrol);


--
-- TOC entry 2022 (class 2606 OID 44907)
-- Dependencies: 209 209 2218
-- Name: tservicio_pkey; Type: CONSTRAINT; Schema: public; Owner: postgres; Tablespace: 
--

ALTER TABLE ONLY tservicio
    ADD CONSTRAINT tservicio_pkey PRIMARY KEY (idservicio);


--
-- TOC entry 2026 (class 2606 OID 44916)
-- Dependencies: 211 211 211 2218
-- Name: tservicio_trol_pkey; Type: CONSTRAINT; Schema: public; Owner: postgres; Tablespace: 
--

ALTER TABLE ONLY tservicio_trol
    ADD CONSTRAINT tservicio_trol_pkey PRIMARY KEY (idservicio, idrol);


--
-- TOC entry 2028 (class 2606 OID 44931)
-- Dependencies: 212 212 2218
-- Name: tsistema_pkey; Type: CONSTRAINT; Schema: public; Owner: postgres; Tablespace: 
--

ALTER TABLE ONLY tsistema
    ADD CONSTRAINT tsistema_pkey PRIMARY KEY (idconfiguracion);


--
-- TOC entry 1977 (class 2606 OID 44740)
-- Dependencies: 187 187 2218
-- Name: ttipo_producto_pkey; Type: CONSTRAINT; Schema: public; Owner: postgres; Tablespace: 
--

ALTER TABLE ONLY ttipo_producto
    ADD CONSTRAINT ttipo_producto_pkey PRIMARY KEY (idtipo_producto);


--
-- TOC entry 2031 (class 2606 OID 44941)
-- Dependencies: 213 213 2218
-- Name: tusuario_pkey; Type: CONSTRAINT; Schema: public; Owner: postgres; Tablespace: 
--

ALTER TABLE ONLY tusuario
    ADD CONSTRAINT tusuario_pkey PRIMARY KEY (idusuario);


--
-- TOC entry 2000 (class 1259 OID 44846)
-- Dependencies: 202 2218
-- Name: fk_tacceso_tusuario1_idx; Type: INDEX; Schema: public; Owner: postgres; Tablespace: 
--

CREATE INDEX fk_tacceso_tusuario1_idx ON tacceso USING btree (idusuario);


--
-- TOC entry 2003 (class 1259 OID 44860)
-- Dependencies: 203 2218
-- Name: fk_tbitacora_tusuario1_idx; Type: INDEX; Schema: public; Owner: postgres; Tablespace: 
--

CREATE INDEX fk_tbitacora_tusuario1_idx ON tbitacora USING btree (idusuario);


--
-- TOC entry 2006 (class 1259 OID 44868)
-- Dependencies: 204 2218
-- Name: fk_tclave_tusuario1_idx; Type: INDEX; Schema: public; Owner: postgres; Tablespace: 
--

CREATE INDEX fk_tclave_tusuario1_idx ON tclave USING btree (tusuario_idusuario);


--
-- TOC entry 2011 (class 1259 OID 44882)
-- Dependencies: 206 2218
-- Name: fk_tmodulo_has_trol_tmodulo1_idx; Type: INDEX; Schema: public; Owner: postgres; Tablespace: 
--

CREATE INDEX fk_tmodulo_has_trol_tmodulo1_idx ON tmodulo_trol USING btree (idmodulo);


--
-- TOC entry 2012 (class 1259 OID 44881)
-- Dependencies: 206 2218
-- Name: fk_tmodulo_has_trol_trol1_idx; Type: INDEX; Schema: public; Owner: postgres; Tablespace: 
--

CREATE INDEX fk_tmodulo_has_trol_trol1_idx ON tmodulo_trol USING btree (idrol);


--
-- TOC entry 2015 (class 1259 OID 44889)
-- Dependencies: 207 2218
-- Name: fk_tpregunta_tusuario1_idx; Type: INDEX; Schema: public; Owner: postgres; Tablespace: 
--

CREATE INDEX fk_tpregunta_tusuario1_idx ON tpregunta USING btree (tusuario_idusuario);


--
-- TOC entry 2023 (class 1259 OID 44917)
-- Dependencies: 211 2218
-- Name: fk_tservicio_has_trol_trol1_idx; Type: INDEX; Schema: public; Owner: postgres; Tablespace: 
--

CREATE INDEX fk_tservicio_has_trol_trol1_idx ON tservicio_trol USING btree (idrol);


--
-- TOC entry 2024 (class 1259 OID 44918)
-- Dependencies: 211 2218
-- Name: fk_tservicio_has_trol_tservicio1_idx; Type: INDEX; Schema: public; Owner: postgres; Tablespace: 
--

CREATE INDEX fk_tservicio_has_trol_tservicio1_idx ON tservicio_trol USING btree (idservicio);


--
-- TOC entry 2020 (class 1259 OID 44908)
-- Dependencies: 209 2218
-- Name: fk_tservicio_tmodulo1_idx; Type: INDEX; Schema: public; Owner: postgres; Tablespace: 
--

CREATE INDEX fk_tservicio_tmodulo1_idx ON tservicio USING btree (idmodulo);


--
-- TOC entry 2029 (class 1259 OID 44942)
-- Dependencies: 213 2218
-- Name: fk_tusuario_trol1_idx; Type: INDEX; Schema: public; Owner: postgres; Tablespace: 
--

CREATE INDEX fk_tusuario_trol1_idx ON tusuario USING btree (trol_idrol);


--
-- TOC entry 2048 (class 2606 OID 45023)
-- Dependencies: 199 194 1990 2218
-- Name: fk_taccesorio_tfactura_1; Type: FK CONSTRAINT; Schema: public; Owner: postgres
--

ALTER TABLE ONLY tfactura
    ADD CONSTRAINT fk_taccesorio_tfactura_1 FOREIGN KEY (taccesorio_idaccesorio) REFERENCES taccesorio(idaccesorio);


--
-- TOC entry 2035 (class 2606 OID 44953)
-- Dependencies: 1980 188 189 2218
-- Name: fk_tbanco_tproveedor_1; Type: FK CONSTRAINT; Schema: public; Owner: postgres
--

ALTER TABLE ONLY tproveedor
    ADD CONSTRAINT fk_tbanco_tproveedor_1 FOREIGN KEY (tbanco_idbanco) REFERENCES tbanco(idbanco);


--
-- TOC entry 2042 (class 2606 OID 44988)
-- Dependencies: 196 185 1972 2218
-- Name: fk_tchofer_documento_tchofer_1; Type: FK CONSTRAINT; Schema: public; Owner: postgres
--

ALTER TABLE ONLY tchofer_documento
    ADD CONSTRAINT fk_tchofer_documento_tchofer_1 FOREIGN KEY (tchofer_idchofer) REFERENCES tchofer(idchofer);


--
-- TOC entry 2043 (class 2606 OID 44993)
-- Dependencies: 196 195 1992 2218
-- Name: fk_tchofer_documento_tdocumento_1; Type: FK CONSTRAINT; Schema: public; Owner: postgres
--

ALTER TABLE ONLY tchofer_documento
    ADD CONSTRAINT fk_tchofer_documento_tdocumento_1 FOREIGN KEY (tdocumento_iddocumento) REFERENCES tdocumento(iddocumento);


--
-- TOC entry 2046 (class 2606 OID 44983)
-- Dependencies: 199 185 1972 2218
-- Name: fk_tchofer_tfactura_1; Type: FK CONSTRAINT; Schema: public; Owner: postgres
--

ALTER TABLE ONLY tfactura
    ADD CONSTRAINT fk_tchofer_tfactura_1 FOREIGN KEY (tchofer_idchofer) REFERENCES tchofer(idchofer);


--
-- TOC entry 2053 (class 2606 OID 45038)
-- Dependencies: 213 2030 204 2218
-- Name: fk_tclave_tusuario1; Type: FK CONSTRAINT; Schema: public; Owner: postgres
--

ALTER TABLE ONLY tclave
    ADD CONSTRAINT fk_tclave_tusuario1 FOREIGN KEY (tusuario_idusuario) REFERENCES tusuario(idusuario);


--
-- TOC entry 2045 (class 2606 OID 44973)
-- Dependencies: 199 184 1970 2218
-- Name: fk_tcliente_tfactura_1; Type: FK CONSTRAINT; Schema: public; Owner: postgres
--

ALTER TABLE ONLY tfactura
    ADD CONSTRAINT fk_tcliente_tfactura_1 FOREIGN KEY (tcliente_idcliente) REFERENCES tcliente(idcliente);


--
-- TOC entry 2050 (class 2606 OID 44968)
-- Dependencies: 199 200 1998 2218
-- Name: fk_tfactura_producto_tfactura_1; Type: FK CONSTRAINT; Schema: public; Owner: postgres
--

ALTER TABLE ONLY tfactura_producto
    ADD CONSTRAINT fk_tfactura_producto_tfactura_1 FOREIGN KEY (tfactura_idfactura) REFERENCES tfactura(idfactura);


--
-- TOC entry 2040 (class 2606 OID 44978)
-- Dependencies: 199 193 1998 2218
-- Name: fk_tfactura_tprecinto_1; Type: FK CONSTRAINT; Schema: public; Owner: postgres
--

ALTER TABLE ONLY tprecinto
    ADD CONSTRAINT fk_tfactura_tprecinto_1 FOREIGN KEY (tfactura_idfactura) REFERENCES tfactura(idfactura);


--
-- TOC entry 2038 (class 2606 OID 45033)
-- Dependencies: 188 1978 191 2218
-- Name: fk_tmantenimiento_tproveedor_1; Type: FK CONSTRAINT; Schema: public; Owner: postgres
--

ALTER TABLE ONLY tmantenimiento
    ADD CONSTRAINT fk_tmantenimiento_tproveedor_1 FOREIGN KEY (tproveedor_idproveedor) REFERENCES tproveedor(idproveedor);


--
-- TOC entry 2044 (class 2606 OID 45008)
-- Dependencies: 197 1996 198 2218
-- Name: fk_tmarca_tmodelo_1; Type: FK CONSTRAINT; Schema: public; Owner: postgres
--

ALTER TABLE ONLY tmodelo
    ADD CONSTRAINT fk_tmarca_tmodelo_1 FOREIGN KEY (tmarca_idmarca) REFERENCES tmarca(idmarca);


--
-- TOC entry 2041 (class 2606 OID 44998)
-- Dependencies: 194 197 1994 2218
-- Name: fk_tmodelo_taccesorio_1; Type: FK CONSTRAINT; Schema: public; Owner: postgres
--

ALTER TABLE ONLY taccesorio
    ADD CONSTRAINT fk_tmodelo_taccesorio_1 FOREIGN KEY (tmodelo_idmodelo) REFERENCES tmodelo(idmodelo);


--
-- TOC entry 2039 (class 2606 OID 45003)
-- Dependencies: 192 1994 197 2218
-- Name: fk_tmodelo_tvehiculo_1; Type: FK CONSTRAINT; Schema: public; Owner: postgres
--

ALTER TABLE ONLY tvehiculo
    ADD CONSTRAINT fk_tmodelo_tvehiculo_1 FOREIGN KEY (tmodelo_idmodelo) REFERENCES tmodelo(idmodelo);


--
-- TOC entry 2054 (class 2606 OID 45043)
-- Dependencies: 2009 206 205 2218
-- Name: fk_tmodulo_has_trol_tmodulo1; Type: FK CONSTRAINT; Schema: public; Owner: postgres
--

ALTER TABLE ONLY tmodulo_trol
    ADD CONSTRAINT fk_tmodulo_has_trol_tmodulo1 FOREIGN KEY (idmodulo) REFERENCES tmodulo(idmodulo);


--
-- TOC entry 2055 (class 2606 OID 45048)
-- Dependencies: 208 2018 206 2218
-- Name: fk_tmodulo_has_trol_trol1; Type: FK CONSTRAINT; Schema: public; Owner: postgres
--

ALTER TABLE ONLY tmodulo_trol
    ADD CONSTRAINT fk_tmodulo_has_trol_trol1 FOREIGN KEY (idrol) REFERENCES trol(idrol);


--
-- TOC entry 2056 (class 2606 OID 45053)
-- Dependencies: 213 207 2030 2218
-- Name: fk_tpregunta_tusuario1; Type: FK CONSTRAINT; Schema: public; Owner: postgres
--

ALTER TABLE ONLY tpregunta
    ADD CONSTRAINT fk_tpregunta_tusuario1 FOREIGN KEY (tusuario_idusuario) REFERENCES tusuario(idusuario);


--
-- TOC entry 2049 (class 2606 OID 44963)
-- Dependencies: 200 186 1974 2218
-- Name: fk_tproducto_tfactura_producto_1; Type: FK CONSTRAINT; Schema: public; Owner: postgres
--

ALTER TABLE ONLY tfactura_producto
    ADD CONSTRAINT fk_tproducto_tfactura_producto_1 FOREIGN KEY (tproducto_idproducto) REFERENCES tproducto(idproducto);


--
-- TOC entry 2058 (class 2606 OID 45105)
-- Dependencies: 2018 208 211 2218
-- Name: fk_tservicio_has_trol_trol1; Type: FK CONSTRAINT; Schema: public; Owner: postgres
--

ALTER TABLE ONLY tservicio_trol
    ADD CONSTRAINT fk_tservicio_has_trol_trol1 FOREIGN KEY (idrol) REFERENCES trol(idrol);


--
-- TOC entry 2059 (class 2606 OID 45110)
-- Dependencies: 209 211 2021 2218
-- Name: fk_tservicio_has_trol_tservicio1; Type: FK CONSTRAINT; Schema: public; Owner: postgres
--

ALTER TABLE ONLY tservicio_trol
    ADD CONSTRAINT fk_tservicio_has_trol_tservicio1 FOREIGN KEY (idservicio) REFERENCES tservicio(idservicio);


--
-- TOC entry 2052 (class 2606 OID 44948)
-- Dependencies: 1978 188 201 2218
-- Name: fk_tservicio_proveedor_tproveedor_1; Type: FK CONSTRAINT; Schema: public; Owner: postgres
--

ALTER TABLE ONLY tservicio_proveedor
    ADD CONSTRAINT fk_tservicio_proveedor_tproveedor_1 FOREIGN KEY (tproveedor_idproveedor) REFERENCES tproveedor(idproveedor);


--
-- TOC entry 2037 (class 2606 OID 45028)
-- Dependencies: 191 190 1982 2218
-- Name: fk_tservicio_tmantenimiento_1; Type: FK CONSTRAINT; Schema: public; Owner: postgres
--

ALTER TABLE ONLY tmantenimiento
    ADD CONSTRAINT fk_tservicio_tmantenimiento_1 FOREIGN KEY (tservicio_idservicio) REFERENCES tservicio_mantenimiento(idservicio);


--
-- TOC entry 2057 (class 2606 OID 45058)
-- Dependencies: 2009 205 209 2218
-- Name: fk_tservicio_tmodulo1; Type: FK CONSTRAINT; Schema: public; Owner: postgres
--

ALTER TABLE ONLY tservicio
    ADD CONSTRAINT fk_tservicio_tmodulo1 FOREIGN KEY (idmodulo) REFERENCES tmodulo(idmodulo);


--
-- TOC entry 2051 (class 2606 OID 44943)
-- Dependencies: 190 201 1982 2218
-- Name: fk_tservicio_tservicio_proveedor_1; Type: FK CONSTRAINT; Schema: public; Owner: postgres
--

ALTER TABLE ONLY tservicio_proveedor
    ADD CONSTRAINT fk_tservicio_tservicio_proveedor_1 FOREIGN KEY (tservicio_idservicio) REFERENCES tservicio_mantenimiento(idservicio);


--
-- TOC entry 2034 (class 2606 OID 44958)
-- Dependencies: 1976 186 187 2218
-- Name: fk_ttipo_producto_tproducto_1; Type: FK CONSTRAINT; Schema: public; Owner: postgres
--

ALTER TABLE ONLY tproducto
    ADD CONSTRAINT fk_ttipo_producto_tproducto_1 FOREIGN KEY (ttipo_producto_idtipo_producto) REFERENCES ttipo_producto(idtipo_producto);


--
-- TOC entry 2060 (class 2606 OID 45073)
-- Dependencies: 213 2018 208 2218
-- Name: fk_tusuario_trol1; Type: FK CONSTRAINT; Schema: public; Owner: postgres
--

ALTER TABLE ONLY tusuario
    ADD CONSTRAINT fk_tusuario_trol1 FOREIGN KEY (trol_idrol) REFERENCES trol(idrol);


--
-- TOC entry 2047 (class 2606 OID 45018)
-- Dependencies: 199 1986 192 2218
-- Name: fk_tvehiculo_tfactura_1; Type: FK CONSTRAINT; Schema: public; Owner: postgres
--

ALTER TABLE ONLY tfactura
    ADD CONSTRAINT fk_tvehiculo_tfactura_1 FOREIGN KEY (tvehiculo_idvehiculo) REFERENCES tvehiculo(idvehiculo);


--
-- TOC entry 2036 (class 2606 OID 45013)
-- Dependencies: 1986 192 191 2218
-- Name: fk_tvehiculo_tmantenimiento_1; Type: FK CONSTRAINT; Schema: public; Owner: postgres
--

ALTER TABLE ONLY tmantenimiento
    ADD CONSTRAINT fk_tvehiculo_tmantenimiento_1 FOREIGN KEY (tvehiculo_idvehiculo) REFERENCES tvehiculo(idvehiculo);


--
-- TOC entry 2223 (class 0 OID 0)
-- Dependencies: 5
-- Name: public; Type: ACL; Schema: -; Owner: postgres
--

REVOKE ALL ON SCHEMA public FROM PUBLIC;
REVOKE ALL ON SCHEMA public FROM postgres;
GRANT ALL ON SCHEMA public TO postgres;
GRANT ALL ON SCHEMA public TO PUBLIC;


-- Completed on 2015-03-23 21:56:40

--
-- PostgreSQL database dump complete
--

