--
-- PostgreSQL database dump
--

SET statement_timeout = 0;
SET client_encoding = 'UTF8';
SET standard_conforming_strings = on;
SET check_function_bodies = false;
SET client_min_messages = warning;

--
-- Name: bd_venasol; Type: DATABASE; Schema: -; Owner: postgres
--

CREATE DATABASE bd_venasol WITH TEMPLATE = template0 ENCODING = 'UTF8' LC_COLLATE = 'Spanish, Bolivarian Republic of Venezuela' LC_CTYPE = 'Spanish, Bolivarian Republic of Venezuela';


ALTER DATABASE bd_venasol OWNER TO postgres;

\connect bd_venasol

SET statement_timeout = 0;
SET client_encoding = 'UTF8';
SET standard_conforming_strings = on;
SET check_function_bodies = false;
SET client_min_messages = warning;

--
-- Name: plpgsql; Type: EXTENSION; Schema: -; Owner: 
--

CREATE EXTENSION IF NOT EXISTS plpgsql WITH SCHEMA pg_catalog;


--
-- Name: EXTENSION plpgsql; Type: COMMENT; Schema: -; Owner: 
--

COMMENT ON EXTENSION plpgsql IS 'PL/pgSQL procedural language';


SET search_path = public, pg_catalog;

--
-- Name: sidacceso; Type: SEQUENCE; Schema: public; Owner: postgres
--

CREATE SEQUENCE sidacceso
    START WITH 1
    INCREMENT BY 1
    NO MINVALUE
    NO MAXVALUE
    CACHE 1;


ALTER TABLE public.sidacceso OWNER TO postgres;

--
-- Name: sidaccesorio; Type: SEQUENCE; Schema: public; Owner: postgres
--

CREATE SEQUENCE sidaccesorio
    START WITH 1
    INCREMENT BY 1
    NO MINVALUE
    NO MAXVALUE
    CACHE 1;


ALTER TABLE public.sidaccesorio OWNER TO postgres;

--
-- Name: sidbanco; Type: SEQUENCE; Schema: public; Owner: postgres
--

CREATE SEQUENCE sidbanco
    START WITH 1
    INCREMENT BY 1
    NO MINVALUE
    NO MAXVALUE
    CACHE 1;


ALTER TABLE public.sidbanco OWNER TO postgres;

--
-- Name: sidbitacora; Type: SEQUENCE; Schema: public; Owner: postgres
--

CREATE SEQUENCE sidbitacora
    START WITH 1
    INCREMENT BY 1
    NO MINVALUE
    NO MAXVALUE
    CACHE 1;


ALTER TABLE public.sidbitacora OWNER TO postgres;

--
-- Name: sidchofer; Type: SEQUENCE; Schema: public; Owner: postgres
--

CREATE SEQUENCE sidchofer
    START WITH 1
    INCREMENT BY 1
    NO MINVALUE
    NO MAXVALUE
    CACHE 1;


ALTER TABLE public.sidchofer OWNER TO postgres;

--
-- Name: sidclave; Type: SEQUENCE; Schema: public; Owner: postgres
--

CREATE SEQUENCE sidclave
    START WITH 1
    INCREMENT BY 1
    NO MINVALUE
    NO MAXVALUE
    CACHE 1;


ALTER TABLE public.sidclave OWNER TO postgres;

--
-- Name: sidcliente; Type: SEQUENCE; Schema: public; Owner: postgres
--

CREATE SEQUENCE sidcliente
    START WITH 1
    INCREMENT BY 1
    NO MINVALUE
    NO MAXVALUE
    CACHE 1;


ALTER TABLE public.sidcliente OWNER TO postgres;

--
-- Name: sidconfiguracion; Type: SEQUENCE; Schema: public; Owner: postgres
--

CREATE SEQUENCE sidconfiguracion
    START WITH 1
    INCREMENT BY 1
    NO MINVALUE
    NO MAXVALUE
    CACHE 1;


ALTER TABLE public.sidconfiguracion OWNER TO postgres;

--
-- Name: siddocumento; Type: SEQUENCE; Schema: public; Owner: postgres
--

CREATE SEQUENCE siddocumento
    START WITH 1
    INCREMENT BY 1
    NO MINVALUE
    NO MAXVALUE
    CACHE 1;


ALTER TABLE public.siddocumento OWNER TO postgres;

--
-- Name: sidfactura; Type: SEQUENCE; Schema: public; Owner: postgres
--

CREATE SEQUENCE sidfactura
    START WITH 1
    INCREMENT BY 1
    NO MINVALUE
    NO MAXVALUE
    CACHE 1;


ALTER TABLE public.sidfactura OWNER TO postgres;

--
-- Name: sidmantenimiento; Type: SEQUENCE; Schema: public; Owner: postgres
--

CREATE SEQUENCE sidmantenimiento
    START WITH 1
    INCREMENT BY 1
    NO MINVALUE
    NO MAXVALUE
    CACHE 1;


ALTER TABLE public.sidmantenimiento OWNER TO postgres;

--
-- Name: sidmarca; Type: SEQUENCE; Schema: public; Owner: postgres
--

CREATE SEQUENCE sidmarca
    START WITH 1
    INCREMENT BY 1
    NO MINVALUE
    NO MAXVALUE
    CACHE 1;


ALTER TABLE public.sidmarca OWNER TO postgres;

--
-- Name: sidmodelo; Type: SEQUENCE; Schema: public; Owner: postgres
--

CREATE SEQUENCE sidmodelo
    START WITH 1
    INCREMENT BY 1
    NO MINVALUE
    NO MAXVALUE
    CACHE 1;


ALTER TABLE public.sidmodelo OWNER TO postgres;

--
-- Name: sidmodulo; Type: SEQUENCE; Schema: public; Owner: postgres
--

CREATE SEQUENCE sidmodulo
    START WITH 1
    INCREMENT BY 1
    NO MINVALUE
    NO MAXVALUE
    CACHE 1;


ALTER TABLE public.sidmodulo OWNER TO postgres;

--
-- Name: sidprecinto; Type: SEQUENCE; Schema: public; Owner: postgres
--

CREATE SEQUENCE sidprecinto
    START WITH 1
    INCREMENT BY 1
    NO MINVALUE
    NO MAXVALUE
    CACHE 1;


ALTER TABLE public.sidprecinto OWNER TO postgres;

--
-- Name: sidpregunta; Type: SEQUENCE; Schema: public; Owner: postgres
--

CREATE SEQUENCE sidpregunta
    START WITH 1
    INCREMENT BY 1
    NO MINVALUE
    NO MAXVALUE
    CACHE 1;


ALTER TABLE public.sidpregunta OWNER TO postgres;

--
-- Name: sidproducto; Type: SEQUENCE; Schema: public; Owner: postgres
--

CREATE SEQUENCE sidproducto
    START WITH 1
    INCREMENT BY 1
    NO MINVALUE
    NO MAXVALUE
    CACHE 1;


ALTER TABLE public.sidproducto OWNER TO postgres;

--
-- Name: sidproveedor; Type: SEQUENCE; Schema: public; Owner: postgres
--

CREATE SEQUENCE sidproveedor
    START WITH 1
    INCREMENT BY 1
    NO MINVALUE
    NO MAXVALUE
    CACHE 1;


ALTER TABLE public.sidproveedor OWNER TO postgres;

--
-- Name: sidrol; Type: SEQUENCE; Schema: public; Owner: postgres
--

CREATE SEQUENCE sidrol
    START WITH 1
    INCREMENT BY 1
    NO MINVALUE
    NO MAXVALUE
    CACHE 1;


ALTER TABLE public.sidrol OWNER TO postgres;

--
-- Name: sidservicio; Type: SEQUENCE; Schema: public; Owner: postgres
--

CREATE SEQUENCE sidservicio
    START WITH 1
    INCREMENT BY 1
    NO MINVALUE
    NO MAXVALUE
    CACHE 1;


ALTER TABLE public.sidservicio OWNER TO postgres;

--
-- Name: sidservicio_mantenimiento; Type: SEQUENCE; Schema: public; Owner: postgres
--

CREATE SEQUENCE sidservicio_mantenimiento
    START WITH 1
    INCREMENT BY 1
    NO MINVALUE
    NO MAXVALUE
    CACHE 1;


ALTER TABLE public.sidservicio_mantenimiento OWNER TO postgres;

--
-- Name: sidtipo_producto; Type: SEQUENCE; Schema: public; Owner: postgres
--

CREATE SEQUENCE sidtipo_producto
    START WITH 1
    INCREMENT BY 1
    NO MINVALUE
    NO MAXVALUE
    CACHE 1;


ALTER TABLE public.sidtipo_producto OWNER TO postgres;

--
-- Name: sidvehiculo; Type: SEQUENCE; Schema: public; Owner: postgres
--

CREATE SEQUENCE sidvehiculo
    START WITH 1
    INCREMENT BY 1
    NO MINVALUE
    NO MAXVALUE
    CACHE 1;


ALTER TABLE public.sidvehiculo OWNER TO postgres;

SET default_tablespace = '';

SET default_with_oids = false;

--
-- Name: tacceso; Type: TABLE; Schema: public; Owner: postgres; Tablespace: 
--

CREATE TABLE tacceso (
    idacceso bigint DEFAULT nextval('sidacceso'::regclass) NOT NULL,
    idusuario character varying(20) NOT NULL,
    exitoacc character(1) NOT NULL,
    ipacc character varying(15) NOT NULL,
    estatusacc character(1) DEFAULT '1'::bpchar NOT NULL,
    fechaacc timestamp without time zone,
    fecha_salidaacc timestamp without time zone,
    ultima_actividadacc timestamp without time zone
);


ALTER TABLE public.tacceso OWNER TO postgres;

--
-- Name: taccesorio; Type: TABLE; Schema: public; Owner: postgres; Tablespace: 
--

CREATE TABLE taccesorio (
    idaccesorio bigint DEFAULT nextval('sidaccesorio'::regclass) NOT NULL,
    idcodigoacc character(10) NOT NULL,
    tmodelo_idmodelo bigint NOT NULL,
    placaacc character(9) NOT NULL,
    coloracc bytea NOT NULL,
    anoacc character(4) NOT NULL,
    capacidadacc numeric(10,2) NOT NULL,
    unidadmedidaacc character(4) NOT NULL,
    observacionacc character varying(255),
    estatusacc character(1) NOT NULL
);


ALTER TABLE public.taccesorio OWNER TO postgres;

--
-- Name: tbanco; Type: TABLE; Schema: public; Owner: postgres; Tablespace: 
--

CREATE TABLE tbanco (
    idbanco bigint DEFAULT nextval('sidbanco'::regclass) NOT NULL,
    nombreban character varying(100) NOT NULL,
    observacionban character varying(255),
    estatusban character(1) NOT NULL
);


ALTER TABLE public.tbanco OWNER TO postgres;

--
-- Name: tbitacora; Type: TABLE; Schema: public; Owner: postgres; Tablespace: 
--

CREATE TABLE tbitacora (
    idbitacora bigint DEFAULT nextval('sidbitacora'::regclass) NOT NULL,
    direccionbit character varying(300) NOT NULL,
    fechahorabit timestamp without time zone DEFAULT now() NOT NULL,
    valoranteriorbit character varying(100) DEFAULT NULL::character varying,
    valornuevobit character varying(100) DEFAULT NULL::character varying,
    ipbit character varying(30) NOT NULL,
    motivobit character varying(20) NOT NULL,
    operacionbit character varying(20) NOT NULL,
    campobit character varying(45) NOT NULL,
    tablabit character varying(45) NOT NULL,
    idusuario character varying(20) NOT NULL,
    serviciobit character varying(50) DEFAULT 'Inicio'::character varying NOT NULL
);


ALTER TABLE public.tbitacora OWNER TO postgres;

--
-- Name: tchofer; Type: TABLE; Schema: public; Owner: postgres; Tablespace: 
--

CREATE TABLE tchofer (
    idchofer bigint DEFAULT nextval('sidchofer'::regclass) NOT NULL,
    idcodigocho character(10) NOT NULL,
    aliascho character varying(50),
    nombrecho character varying(50) NOT NULL,
    apellidocho character varying(50) NOT NULL,
    ceula_rifcho character(9) NOT NULL,
    nacionalidadcho character(1) NOT NULL,
    fechanacimientocho date NOT NULL,
    direccioncho character varying(255) NOT NULL,
    correocho character varying(55),
    telefonomovilcho character(11) NOT NULL,
    telefonolocalcho character(11),
    observacioncho character varying(255),
    estatuscho character(1) NOT NULL
);


ALTER TABLE public.tchofer OWNER TO postgres;

--
-- Name: tchofer_documento; Type: TABLE; Schema: public; Owner: postgres; Tablespace: 
--

CREATE TABLE tchofer_documento (
    tchofer_idchofer bigint NOT NULL,
    tdocumento_iddocumento bigint NOT NULL,
    fechaemisiondoc date NOT NULL,
    fechavencimientodoc date NOT NULL,
    directoriodoc character varying(255),
    estatusdoc character(1) NOT NULL
);


ALTER TABLE public.tchofer_documento OWNER TO postgres;

--
-- Name: tclave; Type: TABLE; Schema: public; Owner: postgres; Tablespace: 
--

CREATE TABLE tclave (
    idclave bigint DEFAULT nextval('sidclave'::regclass) NOT NULL,
    clavecla character varying(45) NOT NULL,
    fechainiciocla date NOT NULL,
    fechafincla date NOT NULL,
    estatuscla character varying(255) DEFAULT 1 NOT NULL,
    tusuario_idusuario character varying(20) NOT NULL
);


ALTER TABLE public.tclave OWNER TO postgres;

--
-- Name: tcliente; Type: TABLE; Schema: public; Owner: postgres; Tablespace: 
--

CREATE TABLE tcliente (
    idcliente bigint DEFAULT nextval('sidcliente'::regclass) NOT NULL,
    idcodigocli character(10) NOT NULL,
    rifcli character(10) NOT NULL,
    nombrecli character varying(100) NOT NULL,
    apellidocli character varying(100),
    direccioncli character varying(255) NOT NULL,
    correounocli character varying(55) NOT NULL,
    correodoscli character varying(55),
    correotrescli character varying(55),
    telefonounocli character(11) NOT NULL,
    telefonodoscli character(11),
    telefonotrescli character(11),
    observacioncli character varying(255),
    estatuscli character(1) NOT NULL
);


ALTER TABLE public.tcliente OWNER TO postgres;

--
-- Name: tdocumento; Type: TABLE; Schema: public; Owner: postgres; Tablespace: 
--

CREATE TABLE tdocumento (
    iddocumento bigint DEFAULT nextval('siddocumento'::regclass) NOT NULL,
    descripciondoc character varying(255) NOT NULL,
    vencedoc character(1) NOT NULL,
    duraciondoc bigint NOT NULL,
    observaciondoc character varying(255),
    estatusdoc character(1) NOT NULL
);


ALTER TABLE public.tdocumento OWNER TO postgres;

--
-- Name: tfactura; Type: TABLE; Schema: public; Owner: postgres; Tablespace: 
--

CREATE TABLE tfactura (
    idfactura bigint DEFAULT nextval('sidfactura'::regclass) NOT NULL,
    tvehiculo_idvehiculo bigint NOT NULL,
    taccesorio_idaccesorio bigint NOT NULL,
    tcliente_idcliente bigint NOT NULL,
    tchofer_idchofer bigint NOT NULL,
    ivafac numeric(10,2) NOT NULL,
    totalfac numeric(10,2) NOT NULL,
    observacionfac character varying(255),
    estatusfac character(1) NOT NULL
);


ALTER TABLE public.tfactura OWNER TO postgres;

--
-- Name: tfactura_producto; Type: TABLE; Schema: public; Owner: postgres; Tablespace: 
--

CREATE TABLE tfactura_producto (
    tfactura_idfactura bigint NOT NULL,
    tproducto_idproducto bigint NOT NULL,
    cantidadpro numeric(10,2) NOT NULL,
    preciopro numeric(10,2) NOT NULL
);


ALTER TABLE public.tfactura_producto OWNER TO postgres;

--
-- Name: tgoogle_users; Type: TABLE; Schema: public; Owner: postgres; Tablespace: 
--

CREATE TABLE tgoogle_users (
    google_id numeric(21,0) NOT NULL,
    google_name character varying(60) NOT NULL,
    google_email character varying(60) NOT NULL,
    google_link character varying(60) NOT NULL,
    google_picture_link character varying(60) NOT NULL
);


ALTER TABLE public.tgoogle_users OWNER TO postgres;

--
-- Name: tmantenimiento; Type: TABLE; Schema: public; Owner: postgres; Tablespace: 
--

CREATE TABLE tmantenimiento (
    idmantenimiento bigint DEFAULT nextval('sidmantenimiento'::regclass) NOT NULL,
    tvehiculo_idvehiculo bigint NOT NULL,
    tservicio_idservicio bigint NOT NULL,
    tproveedor_idproveedor bigint NOT NULL,
    fechaser date NOT NULL,
    fechaproximoser date,
    observacionser character varying(255),
    estatusser character(1) NOT NULL
);


ALTER TABLE public.tmantenimiento OWNER TO postgres;

--
-- Name: tmarca; Type: TABLE; Schema: public; Owner: postgres; Tablespace: 
--

CREATE TABLE tmarca (
    idmarca bigint DEFAULT nextval('sidmarca'::regclass) NOT NULL,
    descripcionmar character varying(255) NOT NULL,
    observacionmar character varying(255),
    estatusmar character(1) NOT NULL
);


ALTER TABLE public.tmarca OWNER TO postgres;

--
-- Name: tmodelo; Type: TABLE; Schema: public; Owner: postgres; Tablespace: 
--

CREATE TABLE tmodelo (
    idmodelo bigint DEFAULT nextval('sidmodelo'::regclass) NOT NULL,
    descripcionmod character varying(255) NOT NULL,
    tmarca_idmarca bigint NOT NULL,
    observacionmod character varying(255),
    estatusmod character(1) NOT NULL
);


ALTER TABLE public.tmodelo OWNER TO postgres;

--
-- Name: tmodulo; Type: TABLE; Schema: public; Owner: postgres; Tablespace: 
--

CREATE TABLE tmodulo (
    idmodulo bigint DEFAULT nextval('sidmodulo'::regclass) NOT NULL,
    nombremod character varying(30) NOT NULL,
    estatusmod character varying(255) DEFAULT 1 NOT NULL,
    icono character varying(65),
    "case" character varying(100)
);


ALTER TABLE public.tmodulo OWNER TO postgres;

--
-- Name: tmodulo_trol; Type: TABLE; Schema: public; Owner: postgres; Tablespace: 
--

CREATE TABLE tmodulo_trol (
    idmodulo bigint NOT NULL,
    idrol bigint NOT NULL,
    orden integer NOT NULL
);


ALTER TABLE public.tmodulo_trol OWNER TO postgres;

--
-- Name: tprecinto; Type: TABLE; Schema: public; Owner: postgres; Tablespace: 
--

CREATE TABLE tprecinto (
    idprecinto bigint DEFAULT nextval('sidprecinto'::regclass) NOT NULL,
    idcodigopre character(10) NOT NULL,
    tfactura_idfactura bigint,
    observacionpre character varying(255),
    estatuspre character(1) NOT NULL
);


ALTER TABLE public.tprecinto OWNER TO postgres;

--
-- Name: tpregunta; Type: TABLE; Schema: public; Owner: postgres; Tablespace: 
--

CREATE TABLE tpregunta (
    idpregunta bigint DEFAULT nextval('sidpregunta'::regclass) NOT NULL,
    pregunta character varying(30) NOT NULL,
    respuesta character varying(30) NOT NULL,
    tusuario_idusuario character varying(20) NOT NULL
);


ALTER TABLE public.tpregunta OWNER TO postgres;

--
-- Name: tproducto; Type: TABLE; Schema: public; Owner: postgres; Tablespace: 
--

CREATE TABLE tproducto (
    idproducto bigint DEFAULT nextval('sidproducto'::regclass) NOT NULL,
    idcodigopro character(10) NOT NULL,
    descripcioncortapro character varying(100) NOT NULL,
    descripcionlargapro character varying(255),
    unidadmedidapro character(4) NOT NULL,
    preciounitariopro numeric(10,2) NOT NULL,
    existenciapro numeric(10,2) NOT NULL,
    ttipo_producto_idtipo_producto bigint NOT NULL,
    observacionpro character varying(255),
    estatuspro character(1) NOT NULL
);


ALTER TABLE public.tproducto OWNER TO postgres;

--
-- Name: tproveedor; Type: TABLE; Schema: public; Owner: postgres; Tablespace: 
--

CREATE TABLE tproveedor (
    idproveedor bigint DEFAULT nextval('sidproveedor'::regclass) NOT NULL,
    idcodigopro character(10) NOT NULL,
    rifpro character(10) NOT NULL,
    nombrepro character varying(100) NOT NULL,
    correounopro character varying(55) NOT NULL,
    correodospro character varying(55),
    telefonounopro character(11) NOT NULL,
    telefonodospro character(11),
    numerocuentapro character(20) NOT NULL,
    tbanco_idbanco bigint NOT NULL,
    observacionpro character varying(255),
    estatuspro character(1) NOT NULL
);


ALTER TABLE public.tproveedor OWNER TO postgres;

--
-- Name: trol; Type: TABLE; Schema: public; Owner: postgres; Tablespace: 
--

CREATE TABLE trol (
    idrol bigint DEFAULT nextval('sidrol'::regclass) NOT NULL,
    nombrerol character varying(45) NOT NULL,
    estatusrol character varying(255) DEFAULT 1 NOT NULL
);


ALTER TABLE public.trol OWNER TO postgres;

--
-- Name: tservicio; Type: TABLE; Schema: public; Owner: postgres; Tablespace: 
--

CREATE TABLE tservicio (
    idservicio bigint DEFAULT nextval('sidservicio'::regclass) NOT NULL,
    nombreser character varying(50) NOT NULL,
    enlaceser character varying(50) NOT NULL,
    visibleser character varying(255) DEFAULT 1 NOT NULL,
    estatusser character varying(255) DEFAULT 1 NOT NULL,
    idmodulo bigint NOT NULL
);


ALTER TABLE public.tservicio OWNER TO postgres;

--
-- Name: tservicio_mantenimiento; Type: TABLE; Schema: public; Owner: postgres; Tablespace: 
--

CREATE TABLE tservicio_mantenimiento (
    idservicio bigint DEFAULT nextval('sidservicio_mantenimiento'::regclass) NOT NULL,
    descripcionser character varying(255) NOT NULL,
    observacionser character varying(255),
    estatusser character(1) NOT NULL
);


ALTER TABLE public.tservicio_mantenimiento OWNER TO postgres;

--
-- Name: tservicio_proveedor; Type: TABLE; Schema: public; Owner: postgres; Tablespace: 
--

CREATE TABLE tservicio_proveedor (
    tservicio_idservicio bigint,
    tproveedor_idproveedor bigint
);


ALTER TABLE public.tservicio_proveedor OWNER TO postgres;

--
-- Name: tservicio_trol; Type: TABLE; Schema: public; Owner: postgres; Tablespace: 
--

CREATE TABLE tservicio_trol (
    idservicio bigint NOT NULL,
    idrol bigint NOT NULL,
    orden integer
);


ALTER TABLE public.tservicio_trol OWNER TO postgres;

--
-- Name: tservicio_trol_idservicio_seq; Type: SEQUENCE; Schema: public; Owner: postgres
--

CREATE SEQUENCE tservicio_trol_idservicio_seq
    START WITH 1
    INCREMENT BY 1
    NO MINVALUE
    NO MAXVALUE
    CACHE 1;


ALTER TABLE public.tservicio_trol_idservicio_seq OWNER TO postgres;

--
-- Name: tservicio_trol_idservicio_seq; Type: SEQUENCE OWNED BY; Schema: public; Owner: postgres
--

ALTER SEQUENCE tservicio_trol_idservicio_seq OWNED BY tservicio_trol.idservicio;


--
-- Name: tsistema; Type: TABLE; Schema: public; Owner: postgres; Tablespace: 
--

CREATE TABLE tsistema (
    idconfiguracion bigint DEFAULT nextval('sidconfiguracion'::regclass) NOT NULL,
    introducion text,
    mision text,
    vision text,
    historia text,
    objetivos text,
    direccion text,
    nropreguntas character varying(2) DEFAULT NULL::character varying,
    clavepredeterminada character varying(45) DEFAULT NULL::character varying,
    nrointentos character varying(45) DEFAULT NULL::character varying,
    tiempocaducida character varying(3) DEFAULT NULL::character varying,
    tiempoconexion integer,
    tiempolapso integer
);


ALTER TABLE public.tsistema OWNER TO postgres;

--
-- Name: ttipo_producto; Type: TABLE; Schema: public; Owner: postgres; Tablespace: 
--

CREATE TABLE ttipo_producto (
    idtipo_producto bigint DEFAULT nextval('sidtipo_producto'::regclass) NOT NULL,
    descripciontip character varying(255) NOT NULL,
    observaciontip character varying(255),
    estatustip character(1) NOT NULL
);


ALTER TABLE public.ttipo_producto OWNER TO postgres;

--
-- Name: tusuario; Type: TABLE; Schema: public; Owner: postgres; Tablespace: 
--

CREATE TABLE tusuario (
    idusuario character varying(20) NOT NULL,
    nombreusu character varying(45) NOT NULL,
    emailusu character varying(55) NOT NULL,
    estatususu character varying(255) DEFAULT 1 NOT NULL,
    ultima_actividadusu character varying(255) NOT NULL,
    trol_idrol integer NOT NULL,
    cedula character(9) DEFAULT 'S/C'::bpchar,
    intentos_fallidos integer NOT NULL
);


ALTER TABLE public.tusuario OWNER TO postgres;

--
-- Name: tvehiculo; Type: TABLE; Schema: public; Owner: postgres; Tablespace: 
--

CREATE TABLE tvehiculo (
    idvehiculo bigint DEFAULT nextval('sidvehiculo'::regclass) NOT NULL,
    idcodigoveh character(10) NOT NULL,
    aliasveh character varying(50),
    placaveh character(9) NOT NULL,
    anoveh character(4) NOT NULL,
    colorveh character varying(20) NOT NULL,
    tmodelo_idmodelo bigint NOT NULL,
    observacionveh character varying(255),
    estatusveh character(1) NOT NULL
);


ALTER TABLE public.tvehiculo OWNER TO postgres;

--
-- Name: tvehiculo_accesorio; Type: TABLE; Schema: public; Owner: postgres; Tablespace: 
--

CREATE TABLE tvehiculo_accesorio (
    tvehiculo_idvehiculo bigint,
    taccesorio_idaccesorio bigint
);


ALTER TABLE public.tvehiculo_accesorio OWNER TO postgres;

--
-- Name: idservicio; Type: DEFAULT; Schema: public; Owner: postgres
--

ALTER TABLE ONLY tservicio_trol ALTER COLUMN idservicio SET DEFAULT nextval('tservicio_trol_idservicio_seq'::regclass);


--
-- Name: sidacceso; Type: SEQUENCE SET; Schema: public; Owner: postgres
--

SELECT pg_catalog.setval('sidacceso', 13, true);


--
-- Name: sidaccesorio; Type: SEQUENCE SET; Schema: public; Owner: postgres
--

SELECT pg_catalog.setval('sidaccesorio', 1, false);


--
-- Name: sidbanco; Type: SEQUENCE SET; Schema: public; Owner: postgres
--

SELECT pg_catalog.setval('sidbanco', 1, false);


--
-- Name: sidbitacora; Type: SEQUENCE SET; Schema: public; Owner: postgres
--

SELECT pg_catalog.setval('sidbitacora', 15, true);


--
-- Name: sidchofer; Type: SEQUENCE SET; Schema: public; Owner: postgres
--

SELECT pg_catalog.setval('sidchofer', 1, false);


--
-- Name: sidclave; Type: SEQUENCE SET; Schema: public; Owner: postgres
--

SELECT pg_catalog.setval('sidclave', 1, true);


--
-- Name: sidcliente; Type: SEQUENCE SET; Schema: public; Owner: postgres
--

SELECT pg_catalog.setval('sidcliente', 1, false);


--
-- Name: sidconfiguracion; Type: SEQUENCE SET; Schema: public; Owner: postgres
--

SELECT pg_catalog.setval('sidconfiguracion', 1, true);


--
-- Name: siddocumento; Type: SEQUENCE SET; Schema: public; Owner: postgres
--

SELECT pg_catalog.setval('siddocumento', 1, false);


--
-- Name: sidfactura; Type: SEQUENCE SET; Schema: public; Owner: postgres
--

SELECT pg_catalog.setval('sidfactura', 1, false);


--
-- Name: sidmantenimiento; Type: SEQUENCE SET; Schema: public; Owner: postgres
--

SELECT pg_catalog.setval('sidmantenimiento', 1, false);


--
-- Name: sidmarca; Type: SEQUENCE SET; Schema: public; Owner: postgres
--

SELECT pg_catalog.setval('sidmarca', 1, false);


--
-- Name: sidmodelo; Type: SEQUENCE SET; Schema: public; Owner: postgres
--

SELECT pg_catalog.setval('sidmodelo', 1, false);


--
-- Name: sidmodulo; Type: SEQUENCE SET; Schema: public; Owner: postgres
--

SELECT pg_catalog.setval('sidmodulo', 6, true);


--
-- Name: sidprecinto; Type: SEQUENCE SET; Schema: public; Owner: postgres
--

SELECT pg_catalog.setval('sidprecinto', 9, true);


--
-- Name: sidpregunta; Type: SEQUENCE SET; Schema: public; Owner: postgres
--

SELECT pg_catalog.setval('sidpregunta', 1, false);


--
-- Name: sidproducto; Type: SEQUENCE SET; Schema: public; Owner: postgres
--

SELECT pg_catalog.setval('sidproducto', 1, true);


--
-- Name: sidproveedor; Type: SEQUENCE SET; Schema: public; Owner: postgres
--

SELECT pg_catalog.setval('sidproveedor', 1, false);


--
-- Name: sidrol; Type: SEQUENCE SET; Schema: public; Owner: postgres
--

SELECT pg_catalog.setval('sidrol', 2, true);


--
-- Name: sidservicio; Type: SEQUENCE SET; Schema: public; Owner: postgres
--

SELECT pg_catalog.setval('sidservicio', 26, true);


--
-- Name: sidservicio_mantenimiento; Type: SEQUENCE SET; Schema: public; Owner: postgres
--

SELECT pg_catalog.setval('sidservicio_mantenimiento', 1, false);


--
-- Name: sidtipo_producto; Type: SEQUENCE SET; Schema: public; Owner: postgres
--

SELECT pg_catalog.setval('sidtipo_producto', 21, true);


--
-- Name: sidvehiculo; Type: SEQUENCE SET; Schema: public; Owner: postgres
--

SELECT pg_catalog.setval('sidvehiculo', 1, false);


--
-- Data for Name: tacceso; Type: TABLE DATA; Schema: public; Owner: postgres
--

INSERT INTO tacceso (idacceso, idusuario, exitoacc, ipacc, estatusacc, fechaacc, fecha_salidaacc, ultima_actividadacc) VALUES (1, 'Administrador', '0', '127.0.0.1', '0', NULL, NULL, NULL);
INSERT INTO tacceso (idacceso, idusuario, exitoacc, ipacc, estatusacc, fechaacc, fecha_salidaacc, ultima_actividadacc) VALUES (2, 'Administrador', '0', '127.0.0.1', '0', NULL, NULL, NULL);
INSERT INTO tacceso (idacceso, idusuario, exitoacc, ipacc, estatusacc, fechaacc, fecha_salidaacc, ultima_actividadacc) VALUES (3, 'Administrador', '0', '127.0.0.1', '0', NULL, NULL, NULL);
INSERT INTO tacceso (idacceso, idusuario, exitoacc, ipacc, estatusacc, fechaacc, fecha_salidaacc, ultima_actividadacc) VALUES (4, 'Administrador', '0', '127.0.0.1', '0', NULL, NULL, NULL);
INSERT INTO tacceso (idacceso, idusuario, exitoacc, ipacc, estatusacc, fechaacc, fecha_salidaacc, ultima_actividadacc) VALUES (5, 'Administrador', '0', '127.0.0.1', '0', NULL, NULL, NULL);
INSERT INTO tacceso (idacceso, idusuario, exitoacc, ipacc, estatusacc, fechaacc, fecha_salidaacc, ultima_actividadacc) VALUES (6, 'Administrador', '0', '127.0.0.1', '0', NULL, NULL, NULL);
INSERT INTO tacceso (idacceso, idusuario, exitoacc, ipacc, estatusacc, fechaacc, fecha_salidaacc, ultima_actividadacc) VALUES (7, 'Administrador', '0', '127.0.0.1', '0', NULL, NULL, NULL);
INSERT INTO tacceso (idacceso, idusuario, exitoacc, ipacc, estatusacc, fechaacc, fecha_salidaacc, ultima_actividadacc) VALUES (8, 'Administrador', '0', '127.0.0.1', '0', NULL, NULL, NULL);
INSERT INTO tacceso (idacceso, idusuario, exitoacc, ipacc, estatusacc, fechaacc, fecha_salidaacc, ultima_actividadacc) VALUES (9, 'Administrador', '0', '127.0.0.1', '0', NULL, NULL, NULL);
INSERT INTO tacceso (idacceso, idusuario, exitoacc, ipacc, estatusacc, fechaacc, fecha_salidaacc, ultima_actividadacc) VALUES (10, 'Administrador', '0', '127.0.0.1', '0', NULL, NULL, NULL);
INSERT INTO tacceso (idacceso, idusuario, exitoacc, ipacc, estatusacc, fechaacc, fecha_salidaacc, ultima_actividadacc) VALUES (11, 'Administrador', '0', '127.0.0.1', '0', NULL, NULL, NULL);
INSERT INTO tacceso (idacceso, idusuario, exitoacc, ipacc, estatusacc, fechaacc, fecha_salidaacc, ultima_actividadacc) VALUES (12, 'administrador', '0', '192.168.1.102', '0', NULL, NULL, NULL);
INSERT INTO tacceso (idacceso, idusuario, exitoacc, ipacc, estatusacc, fechaacc, fecha_salidaacc, ultima_actividadacc) VALUES (13, '', '0', '192.168.1.102', '0', NULL, NULL, NULL);


--
-- Data for Name: taccesorio; Type: TABLE DATA; Schema: public; Owner: postgres
--



--
-- Data for Name: tbanco; Type: TABLE DATA; Schema: public; Owner: postgres
--



--
-- Data for Name: tbitacora; Type: TABLE DATA; Schema: public; Owner: postgres
--

INSERT INTO tbitacora (idbitacora, direccionbit, fechahorabit, valoranteriorbit, valornuevobit, ipbit, motivobit, operacionbit, campobit, tablabit, idusuario, serviciobit) VALUES (1, 'http://localhost:8080/venasol/admin/admin/vista/?modulo=seguridad&vista=registrar_rol', '2015-03-20 09:03:00', '', '', '127.0.0.1', 'Cargar datos', 'Registrar', '*', 'trol', 'Administrador', 'registrar_rol');
INSERT INTO tbitacora (idbitacora, direccionbit, fechahorabit, valoranteriorbit, valornuevobit, ipbit, motivobit, operacionbit, campobit, tablabit, idusuario, serviciobit) VALUES (2, 'http://localhost:8080/venasol/admin/admin/vista/?modulo=seguridad&vista=registrar_rol', '2015-03-20 09:03:00', '', '', '127.0.0.1', 'Cargar datos', 'Registrar', '*', 'trol', 'Administrador', 'registrar_rol');
INSERT INTO tbitacora (idbitacora, direccionbit, fechahorabit, valoranteriorbit, valornuevobit, ipbit, motivobit, operacionbit, campobit, tablabit, idusuario, serviciobit) VALUES (3, 'http://localhost:8080/venasol/admin/admin/vista/?modulo=seguridad&vista=registrar_rol', '2015-03-20 09:03:00', '', '', '127.0.0.1', 'Cargar datos', 'Registrar', '*', 'trol', 'Administrador', 'registrar_rol');
INSERT INTO tbitacora (idbitacora, direccionbit, fechahorabit, valoranteriorbit, valornuevobit, ipbit, motivobit, operacionbit, campobit, tablabit, idusuario, serviciobit) VALUES (4, 'http://localhost:8080/venasol/admin/admin/vista/?modulo=seguridad&vista=registrar_rol', '2015-03-20 09:03:00', '', '', '127.0.0.1', 'Cargar datos', 'Registrar', '*', 'trol', 'Administrador', 'registrar_rol');
INSERT INTO tbitacora (idbitacora, direccionbit, fechahorabit, valoranteriorbit, valornuevobit, ipbit, motivobit, operacionbit, campobit, tablabit, idusuario, serviciobit) VALUES (5, 'http://localhost:8080/venasol/admin/admin/vista/?modulo=seguridad&vista=registrar_rol', '2015-03-20 09:03:00', '', '', '127.0.0.1', 'Cargar datos', 'Registrar', '*', 'trol', 'Administrador', 'registrar_rol');
INSERT INTO tbitacora (idbitacora, direccionbit, fechahorabit, valoranteriorbit, valornuevobit, ipbit, motivobit, operacionbit, campobit, tablabit, idusuario, serviciobit) VALUES (6, 'http://localhost:8080/venasol/admin/admin/vista/?modulo=seguridad&vista=registrar_rol', '2015-03-20 09:03:00', '', '', '127.0.0.1', 'Cargar datos', 'Registrar', '*', 'trol', 'Administrador', 'registrar_rol');
INSERT INTO tbitacora (idbitacora, direccionbit, fechahorabit, valoranteriorbit, valornuevobit, ipbit, motivobit, operacionbit, campobit, tablabit, idusuario, serviciobit) VALUES (7, 'http://localhost:8080/venasol/admin/admin/vista/?modulo=seguridad&vista=rol', '2015-03-20 09:03:00', '1', '0', '127.0.0.1', 'No sé utiliza', 'Eliminar', 'estatusser', 'trol', 'Administrador', 'eliminar_rol');
INSERT INTO tbitacora (idbitacora, direccionbit, fechahorabit, valoranteriorbit, valornuevobit, ipbit, motivobit, operacionbit, campobit, tablabit, idusuario, serviciobit) VALUES (8, 'http://localhost:8080/venasol/admin/admin/vista/?modulo=seguridad&vista=rol', '2015-03-20 09:03:00', '1', '0', '127.0.0.1', 'No sé utiliza', 'Eliminar', 'estatusser', 'trol', 'Administrador', 'eliminar_rol');
INSERT INTO tbitacora (idbitacora, direccionbit, fechahorabit, valoranteriorbit, valornuevobit, ipbit, motivobit, operacionbit, campobit, tablabit, idusuario, serviciobit) VALUES (9, 'http://localhost:8080/venasol/admin/admin/vista/?modulo=seguridad&vista=rol', '2015-03-20 09:03:00', '0', '1', '127.0.0.1', 'No sé utiliza', 'Restaurar', 'estatusrol', 'trol', 'Administrador', 'restaurar_rol');
INSERT INTO tbitacora (idbitacora, direccionbit, fechahorabit, valoranteriorbit, valornuevobit, ipbit, motivobit, operacionbit, campobit, tablabit, idusuario, serviciobit) VALUES (10, 'http://localhost:8080/venasol/admin/admin/vista/?modulo=seguridad&vista=rol', '2015-03-20 09:03:00', '0', '1', '127.0.0.1', 'No sé utiliza', 'Restaurar', 'estatusrol', 'trol', 'Administrador', 'restaurar_rol');
INSERT INTO tbitacora (idbitacora, direccionbit, fechahorabit, valoranteriorbit, valornuevobit, ipbit, motivobit, operacionbit, campobit, tablabit, idusuario, serviciobit) VALUES (11, 'http://localhost:8080/venasol/admin/admin/vista/?modulo=seguridad&vista=rol', '2015-03-20 09:03:00', '1', '0', '127.0.0.1', 'No sé utiliza', 'Eliminar', 'estatusser', 'trol', 'Administrador', 'eliminar_rol');
INSERT INTO tbitacora (idbitacora, direccionbit, fechahorabit, valoranteriorbit, valornuevobit, ipbit, motivobit, operacionbit, campobit, tablabit, idusuario, serviciobit) VALUES (12, 'http://localhost:8080/venasol/admin/admin/vista/?modulo=seguridad&vista=rol', '2015-03-20 09:03:00', '0', '1', '127.0.0.1', 'No sé utiliza', 'Restaurar', 'estatusrol', 'trol', 'Administrador', 'restaurar_rol');
INSERT INTO tbitacora (idbitacora, direccionbit, fechahorabit, valoranteriorbit, valornuevobit, ipbit, motivobit, operacionbit, campobit, tablabit, idusuario, serviciobit) VALUES (13, 'http://localhost:8080/venasol/admin/admin/vista/?modulo=seguridad/rol', '2015-03-21 05:03:00', '1', '0', '127.0.0.1', 'No sé utiliza', 'Eliminar', 'estatusser', 'trol', 'Administrador', 'eliminar_rol');
INSERT INTO tbitacora (idbitacora, direccionbit, fechahorabit, valoranteriorbit, valornuevobit, ipbit, motivobit, operacionbit, campobit, tablabit, idusuario, serviciobit) VALUES (14, 'http://localhost:8080/venasol/admin/admin/vista/?modulo=seguridad/rol', '2015-03-21 05:03:00', '1', '0', '127.0.0.1', 'No sé utiliza', 'Eliminar', 'estatusser', 'trol', 'Administrador', 'eliminar_rol');
INSERT INTO tbitacora (idbitacora, direccionbit, fechahorabit, valoranteriorbit, valornuevobit, ipbit, motivobit, operacionbit, campobit, tablabit, idusuario, serviciobit) VALUES (15, 'http://localhost:8080/venasol/admin/admin/vista/?modulo=seguridad/rol', '2015-03-21 05:03:00', '0', '1', '127.0.0.1', 'No sé utiliza', 'Restaurar', 'estatusrol', 'trol', 'Administrador', 'restaurar_rol');


--
-- Data for Name: tchofer; Type: TABLE DATA; Schema: public; Owner: postgres
--



--
-- Data for Name: tchofer_documento; Type: TABLE DATA; Schema: public; Owner: postgres
--



--
-- Data for Name: tclave; Type: TABLE DATA; Schema: public; Owner: postgres
--

INSERT INTO tclave (idclave, clavecla, fechainiciocla, fechafincla, estatuscla, tusuario_idusuario) VALUES (1, '96cab341bae5567148a5e5d9e636e13e', '2015-03-19', '2015-06-10', '1', 'Administrador');


--
-- Data for Name: tcliente; Type: TABLE DATA; Schema: public; Owner: postgres
--



--
-- Data for Name: tdocumento; Type: TABLE DATA; Schema: public; Owner: postgres
--



--
-- Data for Name: tfactura; Type: TABLE DATA; Schema: public; Owner: postgres
--



--
-- Data for Name: tfactura_producto; Type: TABLE DATA; Schema: public; Owner: postgres
--



--
-- Data for Name: tgoogle_users; Type: TABLE DATA; Schema: public; Owner: postgres
--



--
-- Data for Name: tmantenimiento; Type: TABLE DATA; Schema: public; Owner: postgres
--



--
-- Data for Name: tmarca; Type: TABLE DATA; Schema: public; Owner: postgres
--



--
-- Data for Name: tmodelo; Type: TABLE DATA; Schema: public; Owner: postgres
--



--
-- Data for Name: tmodulo; Type: TABLE DATA; Schema: public; Owner: postgres
--

INSERT INTO tmodulo (idmodulo, nombremod, estatusmod, icono, "case") VALUES (1, 'Seguridad', '1', 'lock', 'seguridad');
INSERT INTO tmodulo (idmodulo, nombremod, estatusmod, icono, "case") VALUES (2, 'Configuración', '1', 'cogs', NULL);
INSERT INTO tmodulo (idmodulo, nombremod, estatusmod, icono, "case") VALUES (3, 'Producto', '1', 'shopping-cart', 'producto');
INSERT INTO tmodulo (idmodulo, nombremod, estatusmod, icono, "case") VALUES (4, 'Chofer', '1', 'qq', 'chofer');
INSERT INTO tmodulo (idmodulo, nombremod, estatusmod, icono, "case") VALUES (5, 'Precinto', '1', 'tags', 'precinto');


--
-- Data for Name: tmodulo_trol; Type: TABLE DATA; Schema: public; Owner: postgres
--

INSERT INTO tmodulo_trol (idmodulo, idrol, orden) VALUES (1, 2, 2);
INSERT INTO tmodulo_trol (idmodulo, idrol, orden) VALUES (1, 1, 4);
INSERT INTO tmodulo_trol (idmodulo, idrol, orden) VALUES (2, 1, 5);
INSERT INTO tmodulo_trol (idmodulo, idrol, orden) VALUES (3, 1, 1);
INSERT INTO tmodulo_trol (idmodulo, idrol, orden) VALUES (4, 1, 2);
INSERT INTO tmodulo_trol (idmodulo, idrol, orden) VALUES (5, 1, 3);


--
-- Data for Name: tprecinto; Type: TABLE DATA; Schema: public; Owner: postgres
--

INSERT INTO tprecinto (idprecinto, idcodigopre, tfactura_idfactura, observacionpre, estatuspre) VALUES (8, '1840426   ', NULL, 'rayado', '1');


--
-- Data for Name: tpregunta; Type: TABLE DATA; Schema: public; Owner: postgres
--



--
-- Data for Name: tproducto; Type: TABLE DATA; Schema: public; Owner: postgres
--

INSERT INTO tproducto (idproducto, idcodigopro, descripcioncortapro, descripcionlargapro, unidadmedidapro, preciounitariopro, existenciapro, ttipo_producto_idtipo_producto, observacionpro, estatuspro) VALUES (1, 'PR0001    ', 'ACEITES DE CORTES', 'ACEITES DE CORTES', 'lts ', 3.33, 30000.00, 1, '', '1');


--
-- Data for Name: tproveedor; Type: TABLE DATA; Schema: public; Owner: postgres
--



--
-- Data for Name: trol; Type: TABLE DATA; Schema: public; Owner: postgres
--

INSERT INTO trol (idrol, nombrerol, estatusrol) VALUES (1, 'Adminsitrador', '1');
INSERT INTO trol (idrol, nombrerol, estatusrol) VALUES (2, 'Operador', '1');


--
-- Data for Name: tservicio; Type: TABLE DATA; Schema: public; Owner: postgres
--

INSERT INTO tservicio (idservicio, nombreser, enlaceser, visibleser, estatusser, idmodulo) VALUES (1, 'Rol', '?modulo=seguridad/rol', '1', '1', 1);
INSERT INTO tservicio (idservicio, nombreser, enlaceser, visibleser, estatusser, idmodulo) VALUES (2, 'Registrar Rol', '?modulo=seguridad/registrar_rol', '0', '1', 1);
INSERT INTO tservicio (idservicio, nombreser, enlaceser, visibleser, estatusser, idmodulo) VALUES (3, 'Consultar Rol', '?modulo=seguridad/consultar_rol', '0', '1', 1);
INSERT INTO tservicio (idservicio, nombreser, enlaceser, visibleser, estatusser, idmodulo) VALUES (4, 'Desactivar Rol', '?modulo=seguridad/eliminar_rol', '0', '1', 1);
INSERT INTO tservicio (idservicio, nombreser, enlaceser, visibleser, estatusser, idmodulo) VALUES (7, 'Registrar servicio', '?modulo=seguridad/registrar_servicio', '', '1', 1);
INSERT INTO tservicio (idservicio, nombreser, enlaceser, visibleser, estatusser, idmodulo) VALUES (8, 'Servicio', '?modulo=seguridad/servicio', '1', '1', 1);
INSERT INTO tservicio (idservicio, nombreser, enlaceser, visibleser, estatusser, idmodulo) VALUES (9, 'Consultar servicio', '?modulo=seguridad/consultar_servicio', '', '1', 1);
INSERT INTO tservicio (idservicio, nombreser, enlaceser, visibleser, estatusser, idmodulo) VALUES (10, 'Eliminar Servicio', '?modulo=seguridad/eliminar_servicio', '', '1', 1);
INSERT INTO tservicio (idservicio, nombreser, enlaceser, visibleser, estatusser, idmodulo) VALUES (12, 'Registrar producto', '?modulo=producto/registrar_producto', '', '1', 3);
INSERT INTO tservicio (idservicio, nombreser, enlaceser, visibleser, estatusser, idmodulo) VALUES (5, 'Asignar módulos/servicios', '?modulo=seguridad/asignacion', '1', '1', 1);
INSERT INTO tservicio (idservicio, nombreser, enlaceser, visibleser, estatusser, idmodulo) VALUES (11, 'Producto', '?modulo=producto/producto', '1', '1', 3);
INSERT INTO tservicio (idservicio, nombreser, enlaceser, visibleser, estatusser, idmodulo) VALUES (14, 'Eliminar Producto', '?modulo=producto/eliminar_producto', '0', '1', 3);
INSERT INTO tservicio (idservicio, nombreser, enlaceser, visibleser, estatusser, idmodulo) VALUES (13, 'Consultar Producto', '?modulo=producto/consultar_producto', '0', '1', 3);
INSERT INTO tservicio (idservicio, nombreser, enlaceser, visibleser, estatusser, idmodulo) VALUES (15, 'Tipo de Producto', '?modulo=producto/tipo_producto', '1', '1', 3);
INSERT INTO tservicio (idservicio, nombreser, enlaceser, visibleser, estatusser, idmodulo) VALUES (16, 'Registrar Tipo de Producto', '?modulo=producto/registrar_tipo_producto', '0', '1', 3);
INSERT INTO tservicio (idservicio, nombreser, enlaceser, visibleser, estatusser, idmodulo) VALUES (17, 'Consultar tipo de producto', '?modulo=producto/consultar_tipo_producto', '0', '1', 3);
INSERT INTO tservicio (idservicio, nombreser, enlaceser, visibleser, estatusser, idmodulo) VALUES (18, 'Eliminar Tipo de producto', '?modulo=producto/eliminar_tipo_producto', '0', '1', 3);
INSERT INTO tservicio (idservicio, nombreser, enlaceser, visibleser, estatusser, idmodulo) VALUES (19, 'Chofer', '?modulo=chofer/chofer', '1', '1', 4);
INSERT INTO tservicio (idservicio, nombreser, enlaceser, visibleser, estatusser, idmodulo) VALUES (22, 'Eliminar Chofer', '?modulo=chofer/eliminar_chofer', '0', '1', 4);
INSERT INTO tservicio (idservicio, nombreser, enlaceser, visibleser, estatusser, idmodulo) VALUES (21, 'Consultar Chofer', '?modulo=chofer/consultar_chofer', '0', '1', 4);
INSERT INTO tservicio (idservicio, nombreser, enlaceser, visibleser, estatusser, idmodulo) VALUES (20, 'Registrar Chofer', '?modulo=chofer/registrar_chofer', '0', '1', 4);
INSERT INTO tservicio (idservicio, nombreser, enlaceser, visibleser, estatusser, idmodulo) VALUES (23, 'Precinto', '?modulo=precinto/precinto', '1', '1', 5);
INSERT INTO tservicio (idservicio, nombreser, enlaceser, visibleser, estatusser, idmodulo) VALUES (24, 'Registrar Precinto', '?modulo=precinto/registrar_precinto', '0', '1', 5);
INSERT INTO tservicio (idservicio, nombreser, enlaceser, visibleser, estatusser, idmodulo) VALUES (25, 'Consultar Precinto', '?modulo=precinto/consultar_precinto', '0', '1', 5);
INSERT INTO tservicio (idservicio, nombreser, enlaceser, visibleser, estatusser, idmodulo) VALUES (26, 'Eliminar Precinto', '?modulo=precinto/eliminar_precinto', '0', '1', 5);


--
-- Data for Name: tservicio_mantenimiento; Type: TABLE DATA; Schema: public; Owner: postgres
--



--
-- Data for Name: tservicio_proveedor; Type: TABLE DATA; Schema: public; Owner: postgres
--



--
-- Data for Name: tservicio_trol; Type: TABLE DATA; Schema: public; Owner: postgres
--

INSERT INTO tservicio_trol (idservicio, idrol, orden) VALUES (1, 1, 1);
INSERT INTO tservicio_trol (idservicio, idrol, orden) VALUES (8, 1, 2);
INSERT INTO tservicio_trol (idservicio, idrol, orden) VALUES (5, 1, 3);
INSERT INTO tservicio_trol (idservicio, idrol, orden) VALUES (4, 1, 0);
INSERT INTO tservicio_trol (idservicio, idrol, orden) VALUES (3, 1, 0);
INSERT INTO tservicio_trol (idservicio, idrol, orden) VALUES (2, 1, 0);
INSERT INTO tservicio_trol (idservicio, idrol, orden) VALUES (7, 1, 0);
INSERT INTO tservicio_trol (idservicio, idrol, orden) VALUES (10, 1, 0);
INSERT INTO tservicio_trol (idservicio, idrol, orden) VALUES (9, 1, 0);
INSERT INTO tservicio_trol (idservicio, idrol, orden) VALUES (15, 1, 2);
INSERT INTO tservicio_trol (idservicio, idrol, orden) VALUES (11, 1, 1);
INSERT INTO tservicio_trol (idservicio, idrol, orden) VALUES (16, 1, 0);
INSERT INTO tservicio_trol (idservicio, idrol, orden) VALUES (18, 1, 0);
INSERT INTO tservicio_trol (idservicio, idrol, orden) VALUES (13, 1, 0);
INSERT INTO tservicio_trol (idservicio, idrol, orden) VALUES (14, 1, 0);
INSERT INTO tservicio_trol (idservicio, idrol, orden) VALUES (17, 1, 0);
INSERT INTO tservicio_trol (idservicio, idrol, orden) VALUES (12, 1, 0);
INSERT INTO tservicio_trol (idservicio, idrol, orden) VALUES (19, 1, 1);
INSERT INTO tservicio_trol (idservicio, idrol, orden) VALUES (22, 1, 0);
INSERT INTO tservicio_trol (idservicio, idrol, orden) VALUES (21, 1, 0);
INSERT INTO tservicio_trol (idservicio, idrol, orden) VALUES (20, 1, 0);
INSERT INTO tservicio_trol (idservicio, idrol, orden) VALUES (23, 1, 1);
INSERT INTO tservicio_trol (idservicio, idrol, orden) VALUES (26, 1, 0);
INSERT INTO tservicio_trol (idservicio, idrol, orden) VALUES (25, 1, 0);
INSERT INTO tservicio_trol (idservicio, idrol, orden) VALUES (24, 1, 0);


--
-- Name: tservicio_trol_idservicio_seq; Type: SEQUENCE SET; Schema: public; Owner: postgres
--

SELECT pg_catalog.setval('tservicio_trol_idservicio_seq', 1, false);


--
-- Data for Name: tsistema; Type: TABLE DATA; Schema: public; Owner: postgres
--

INSERT INTO tsistema (idconfiguracion, introducion, mision, vision, historia, objetivos, direccion, nropreguntas, clavepredeterminada, nrointentos, tiempocaducida, tiempoconexion, tiempolapso) VALUES (1, NULL, NULL, NULL, NULL, NULL, NULL, '2', '12345678', '3', '60', 30, NULL);


--
-- Data for Name: ttipo_producto; Type: TABLE DATA; Schema: public; Owner: postgres
--

INSERT INTO ttipo_producto (idtipo_producto, descripciontip, observaciontip, estatustip) VALUES (1, 'DESENGRASANTE', '', '1');
INSERT INTO ttipo_producto (idtipo_producto, descripciontip, observaciontip, estatustip) VALUES (18, 'QUIMICOS', 'QUIMICOS', '1');
INSERT INTO ttipo_producto (idtipo_producto, descripciontip, observaciontip, estatustip) VALUES (19, 'DESPERDICIOS', 'DESPERDICIOS', '1');
INSERT INTO ttipo_producto (idtipo_producto, descripciontip, observaciontip, estatustip) VALUES (20, 'MISELANEOS', 'MISELANEOS', '1');
INSERT INTO ttipo_producto (idtipo_producto, descripciontip, observaciontip, estatustip) VALUES (21, 'VARIOS', 'VARIOS', '1');
INSERT INTO ttipo_producto (idtipo_producto, descripciontip, observaciontip, estatustip) VALUES (17, 'RESIDUOS', 'RESIDUOS DE EXPLORACIÓN PETROLERA', '1');


--
-- Data for Name: tusuario; Type: TABLE DATA; Schema: public; Owner: postgres
--

INSERT INTO tusuario (idusuario, nombreusu, emailusu, estatususu, ultima_actividadusu, trol_idrol, cedula, intentos_fallidos) VALUES ('Administrador', 'Webmaster', 'recupera.javier@gmail.com', '1', '2015-03-19', 1, '21561768 ', 2);


--
-- Data for Name: tvehiculo; Type: TABLE DATA; Schema: public; Owner: postgres
--



--
-- Data for Name: tvehiculo_accesorio; Type: TABLE DATA; Schema: public; Owner: postgres
--



--
-- Name: pk_idaccesorio; Type: CONSTRAINT; Schema: public; Owner: postgres; Tablespace: 
--

ALTER TABLE ONLY taccesorio
    ADD CONSTRAINT pk_idaccesorio PRIMARY KEY (idaccesorio);


--
-- Name: pk_idbanco; Type: CONSTRAINT; Schema: public; Owner: postgres; Tablespace: 
--

ALTER TABLE ONLY tbanco
    ADD CONSTRAINT pk_idbanco PRIMARY KEY (idbanco);


--
-- Name: pk_idcliente; Type: CONSTRAINT; Schema: public; Owner: postgres; Tablespace: 
--

ALTER TABLE ONLY tcliente
    ADD CONSTRAINT pk_idcliente PRIMARY KEY (idcliente);


--
-- Name: pk_iddocumento; Type: CONSTRAINT; Schema: public; Owner: postgres; Tablespace: 
--

ALTER TABLE ONLY tdocumento
    ADD CONSTRAINT pk_iddocumento PRIMARY KEY (iddocumento);


--
-- Name: pk_idfactura; Type: CONSTRAINT; Schema: public; Owner: postgres; Tablespace: 
--

ALTER TABLE ONLY tfactura
    ADD CONSTRAINT pk_idfactura PRIMARY KEY (idfactura);


--
-- Name: pk_idmantenimiento; Type: CONSTRAINT; Schema: public; Owner: postgres; Tablespace: 
--

ALTER TABLE ONLY tmantenimiento
    ADD CONSTRAINT pk_idmantenimiento PRIMARY KEY (idmantenimiento);


--
-- Name: pk_idmarca; Type: CONSTRAINT; Schema: public; Owner: postgres; Tablespace: 
--

ALTER TABLE ONLY tmarca
    ADD CONSTRAINT pk_idmarca PRIMARY KEY (idmarca);


--
-- Name: pk_idmodelo; Type: CONSTRAINT; Schema: public; Owner: postgres; Tablespace: 
--

ALTER TABLE ONLY tmodelo
    ADD CONSTRAINT pk_idmodelo PRIMARY KEY (idmodelo);


--
-- Name: pk_idproducto; Type: CONSTRAINT; Schema: public; Owner: postgres; Tablespace: 
--

ALTER TABLE ONLY tproducto
    ADD CONSTRAINT pk_idproducto PRIMARY KEY (idproducto);


--
-- Name: pk_idproveedor; Type: CONSTRAINT; Schema: public; Owner: postgres; Tablespace: 
--

ALTER TABLE ONLY tproveedor
    ADD CONSTRAINT pk_idproveedor PRIMARY KEY (idproveedor);


--
-- Name: pk_idservicio; Type: CONSTRAINT; Schema: public; Owner: postgres; Tablespace: 
--

ALTER TABLE ONLY tservicio_mantenimiento
    ADD CONSTRAINT pk_idservicio PRIMARY KEY (idservicio);


--
-- Name: pk_idvehiculo; Type: CONSTRAINT; Schema: public; Owner: postgres; Tablespace: 
--

ALTER TABLE ONLY tvehiculo
    ADD CONSTRAINT pk_idvehiculo PRIMARY KEY (idvehiculo);


--
-- Name: tacceso_pkey; Type: CONSTRAINT; Schema: public; Owner: postgres; Tablespace: 
--

ALTER TABLE ONLY tacceso
    ADD CONSTRAINT tacceso_pkey PRIMARY KEY (idacceso);


--
-- Name: tbitacora_pkey; Type: CONSTRAINT; Schema: public; Owner: postgres; Tablespace: 
--

ALTER TABLE ONLY tbitacora
    ADD CONSTRAINT tbitacora_pkey PRIMARY KEY (idbitacora);


--
-- Name: tchofer_pkey; Type: CONSTRAINT; Schema: public; Owner: postgres; Tablespace: 
--

ALTER TABLE ONLY tchofer
    ADD CONSTRAINT tchofer_pkey PRIMARY KEY (idchofer);


--
-- Name: tclave_pkey; Type: CONSTRAINT; Schema: public; Owner: postgres; Tablespace: 
--

ALTER TABLE ONLY tclave
    ADD CONSTRAINT tclave_pkey PRIMARY KEY (idclave);


--
-- Name: tgoogle_users_pkey; Type: CONSTRAINT; Schema: public; Owner: postgres; Tablespace: 
--

ALTER TABLE ONLY tgoogle_users
    ADD CONSTRAINT tgoogle_users_pkey PRIMARY KEY (google_id);


--
-- Name: tmodulo_pkey; Type: CONSTRAINT; Schema: public; Owner: postgres; Tablespace: 
--

ALTER TABLE ONLY tmodulo
    ADD CONSTRAINT tmodulo_pkey PRIMARY KEY (idmodulo);


--
-- Name: tmodulo_trol_pkey; Type: CONSTRAINT; Schema: public; Owner: postgres; Tablespace: 
--

ALTER TABLE ONLY tmodulo_trol
    ADD CONSTRAINT tmodulo_trol_pkey PRIMARY KEY (idmodulo, idrol);


--
-- Name: tprecinto_pkey; Type: CONSTRAINT; Schema: public; Owner: postgres; Tablespace: 
--

ALTER TABLE ONLY tprecinto
    ADD CONSTRAINT tprecinto_pkey PRIMARY KEY (idprecinto);


--
-- Name: tpregunta_pkey; Type: CONSTRAINT; Schema: public; Owner: postgres; Tablespace: 
--

ALTER TABLE ONLY tpregunta
    ADD CONSTRAINT tpregunta_pkey PRIMARY KEY (idpregunta);


--
-- Name: trol_pkey; Type: CONSTRAINT; Schema: public; Owner: postgres; Tablespace: 
--

ALTER TABLE ONLY trol
    ADD CONSTRAINT trol_pkey PRIMARY KEY (idrol);


--
-- Name: tservicio_pkey; Type: CONSTRAINT; Schema: public; Owner: postgres; Tablespace: 
--

ALTER TABLE ONLY tservicio
    ADD CONSTRAINT tservicio_pkey PRIMARY KEY (idservicio);


--
-- Name: tservicio_trol_pkey; Type: CONSTRAINT; Schema: public; Owner: postgres; Tablespace: 
--

ALTER TABLE ONLY tservicio_trol
    ADD CONSTRAINT tservicio_trol_pkey PRIMARY KEY (idservicio, idrol);


--
-- Name: tsistema_pkey; Type: CONSTRAINT; Schema: public; Owner: postgres; Tablespace: 
--

ALTER TABLE ONLY tsistema
    ADD CONSTRAINT tsistema_pkey PRIMARY KEY (idconfiguracion);


--
-- Name: ttipo_producto_pkey; Type: CONSTRAINT; Schema: public; Owner: postgres; Tablespace: 
--

ALTER TABLE ONLY ttipo_producto
    ADD CONSTRAINT ttipo_producto_pkey PRIMARY KEY (idtipo_producto);


--
-- Name: tusuario_pkey; Type: CONSTRAINT; Schema: public; Owner: postgres; Tablespace: 
--

ALTER TABLE ONLY tusuario
    ADD CONSTRAINT tusuario_pkey PRIMARY KEY (idusuario);


--
-- Name: fk_tacceso_tusuario1_idx; Type: INDEX; Schema: public; Owner: postgres; Tablespace: 
--

CREATE INDEX fk_tacceso_tusuario1_idx ON tacceso USING btree (idusuario);


--
-- Name: fk_tbitacora_tusuario1_idx; Type: INDEX; Schema: public; Owner: postgres; Tablespace: 
--

CREATE INDEX fk_tbitacora_tusuario1_idx ON tbitacora USING btree (idusuario);


--
-- Name: fk_tclave_tusuario1_idx; Type: INDEX; Schema: public; Owner: postgres; Tablespace: 
--

CREATE INDEX fk_tclave_tusuario1_idx ON tclave USING btree (tusuario_idusuario);


--
-- Name: fk_tmodulo_has_trol_tmodulo1_idx; Type: INDEX; Schema: public; Owner: postgres; Tablespace: 
--

CREATE INDEX fk_tmodulo_has_trol_tmodulo1_idx ON tmodulo_trol USING btree (idmodulo);


--
-- Name: fk_tmodulo_has_trol_trol1_idx; Type: INDEX; Schema: public; Owner: postgres; Tablespace: 
--

CREATE INDEX fk_tmodulo_has_trol_trol1_idx ON tmodulo_trol USING btree (idrol);


--
-- Name: fk_tpregunta_tusuario1_idx; Type: INDEX; Schema: public; Owner: postgres; Tablespace: 
--

CREATE INDEX fk_tpregunta_tusuario1_idx ON tpregunta USING btree (tusuario_idusuario);


--
-- Name: fk_tservicio_has_trol_trol1_idx; Type: INDEX; Schema: public; Owner: postgres; Tablespace: 
--

CREATE INDEX fk_tservicio_has_trol_trol1_idx ON tservicio_trol USING btree (idrol);


--
-- Name: fk_tservicio_has_trol_tservicio1_idx; Type: INDEX; Schema: public; Owner: postgres; Tablespace: 
--

CREATE INDEX fk_tservicio_has_trol_tservicio1_idx ON tservicio_trol USING btree (idservicio);


--
-- Name: fk_tservicio_tmodulo1_idx; Type: INDEX; Schema: public; Owner: postgres; Tablespace: 
--

CREATE INDEX fk_tservicio_tmodulo1_idx ON tservicio USING btree (idmodulo);


--
-- Name: fk_tusuario_trol1_idx; Type: INDEX; Schema: public; Owner: postgres; Tablespace: 
--

CREATE INDEX fk_tusuario_trol1_idx ON tusuario USING btree (trol_idrol);


--
-- Name: fk_taccesorio_tfactura_1; Type: FK CONSTRAINT; Schema: public; Owner: postgres
--

ALTER TABLE ONLY tfactura
    ADD CONSTRAINT fk_taccesorio_tfactura_1 FOREIGN KEY (taccesorio_idaccesorio) REFERENCES taccesorio(idaccesorio);


--
-- Name: fk_tbanco_tproveedor_1; Type: FK CONSTRAINT; Schema: public; Owner: postgres
--

ALTER TABLE ONLY tproveedor
    ADD CONSTRAINT fk_tbanco_tproveedor_1 FOREIGN KEY (tbanco_idbanco) REFERENCES tbanco(idbanco);


--
-- Name: fk_tchofer_documento_tchofer_1; Type: FK CONSTRAINT; Schema: public; Owner: postgres
--

ALTER TABLE ONLY tchofer_documento
    ADD CONSTRAINT fk_tchofer_documento_tchofer_1 FOREIGN KEY (tchofer_idchofer) REFERENCES tchofer(idchofer);


--
-- Name: fk_tchofer_documento_tdocumento_1; Type: FK CONSTRAINT; Schema: public; Owner: postgres
--

ALTER TABLE ONLY tchofer_documento
    ADD CONSTRAINT fk_tchofer_documento_tdocumento_1 FOREIGN KEY (tdocumento_iddocumento) REFERENCES tdocumento(iddocumento);


--
-- Name: fk_tchofer_tfactura_1; Type: FK CONSTRAINT; Schema: public; Owner: postgres
--

ALTER TABLE ONLY tfactura
    ADD CONSTRAINT fk_tchofer_tfactura_1 FOREIGN KEY (tchofer_idchofer) REFERENCES tchofer(idchofer);


--
-- Name: fk_tclave_tusuario1; Type: FK CONSTRAINT; Schema: public; Owner: postgres
--

ALTER TABLE ONLY tclave
    ADD CONSTRAINT fk_tclave_tusuario1 FOREIGN KEY (tusuario_idusuario) REFERENCES tusuario(idusuario);


--
-- Name: fk_tcliente_tfactura_1; Type: FK CONSTRAINT; Schema: public; Owner: postgres
--

ALTER TABLE ONLY tfactura
    ADD CONSTRAINT fk_tcliente_tfactura_1 FOREIGN KEY (tcliente_idcliente) REFERENCES tcliente(idcliente);


--
-- Name: fk_tfactura_producto_tfactura_1; Type: FK CONSTRAINT; Schema: public; Owner: postgres
--

ALTER TABLE ONLY tfactura_producto
    ADD CONSTRAINT fk_tfactura_producto_tfactura_1 FOREIGN KEY (tfactura_idfactura) REFERENCES tfactura(idfactura);


--
-- Name: fk_tfactura_tprecinto_1; Type: FK CONSTRAINT; Schema: public; Owner: postgres
--

ALTER TABLE ONLY tprecinto
    ADD CONSTRAINT fk_tfactura_tprecinto_1 FOREIGN KEY (tfactura_idfactura) REFERENCES tfactura(idfactura);


--
-- Name: fk_tmantenimiento_tproveedor_1; Type: FK CONSTRAINT; Schema: public; Owner: postgres
--

ALTER TABLE ONLY tmantenimiento
    ADD CONSTRAINT fk_tmantenimiento_tproveedor_1 FOREIGN KEY (tproveedor_idproveedor) REFERENCES tproveedor(idproveedor);


--
-- Name: fk_tmarca_tmodelo_1; Type: FK CONSTRAINT; Schema: public; Owner: postgres
--

ALTER TABLE ONLY tmodelo
    ADD CONSTRAINT fk_tmarca_tmodelo_1 FOREIGN KEY (tmarca_idmarca) REFERENCES tmarca(idmarca);


--
-- Name: fk_tmodelo_taccesorio_1; Type: FK CONSTRAINT; Schema: public; Owner: postgres
--

ALTER TABLE ONLY taccesorio
    ADD CONSTRAINT fk_tmodelo_taccesorio_1 FOREIGN KEY (tmodelo_idmodelo) REFERENCES tmodelo(idmodelo);


--
-- Name: fk_tmodelo_tvehiculo_1; Type: FK CONSTRAINT; Schema: public; Owner: postgres
--

ALTER TABLE ONLY tvehiculo
    ADD CONSTRAINT fk_tmodelo_tvehiculo_1 FOREIGN KEY (tmodelo_idmodelo) REFERENCES tmodelo(idmodelo);


--
-- Name: fk_tmodulo_has_trol_tmodulo1; Type: FK CONSTRAINT; Schema: public; Owner: postgres
--

ALTER TABLE ONLY tmodulo_trol
    ADD CONSTRAINT fk_tmodulo_has_trol_tmodulo1 FOREIGN KEY (idmodulo) REFERENCES tmodulo(idmodulo);


--
-- Name: fk_tmodulo_has_trol_trol1; Type: FK CONSTRAINT; Schema: public; Owner: postgres
--

ALTER TABLE ONLY tmodulo_trol
    ADD CONSTRAINT fk_tmodulo_has_trol_trol1 FOREIGN KEY (idrol) REFERENCES trol(idrol);


--
-- Name: fk_tpregunta_tusuario1; Type: FK CONSTRAINT; Schema: public; Owner: postgres
--

ALTER TABLE ONLY tpregunta
    ADD CONSTRAINT fk_tpregunta_tusuario1 FOREIGN KEY (tusuario_idusuario) REFERENCES tusuario(idusuario);


--
-- Name: fk_tproducto_tfactura_producto_1; Type: FK CONSTRAINT; Schema: public; Owner: postgres
--

ALTER TABLE ONLY tfactura_producto
    ADD CONSTRAINT fk_tproducto_tfactura_producto_1 FOREIGN KEY (tproducto_idproducto) REFERENCES tproducto(idproducto);


--
-- Name: fk_tservicio_has_trol_trol1; Type: FK CONSTRAINT; Schema: public; Owner: postgres
--

ALTER TABLE ONLY tservicio_trol
    ADD CONSTRAINT fk_tservicio_has_trol_trol1 FOREIGN KEY (idrol) REFERENCES trol(idrol);


--
-- Name: fk_tservicio_has_trol_tservicio1; Type: FK CONSTRAINT; Schema: public; Owner: postgres
--

ALTER TABLE ONLY tservicio_trol
    ADD CONSTRAINT fk_tservicio_has_trol_tservicio1 FOREIGN KEY (idservicio) REFERENCES tservicio(idservicio);


--
-- Name: fk_tservicio_proveedor_tproveedor_1; Type: FK CONSTRAINT; Schema: public; Owner: postgres
--

ALTER TABLE ONLY tservicio_proveedor
    ADD CONSTRAINT fk_tservicio_proveedor_tproveedor_1 FOREIGN KEY (tproveedor_idproveedor) REFERENCES tproveedor(idproveedor);


--
-- Name: fk_tservicio_tmantenimiento_1; Type: FK CONSTRAINT; Schema: public; Owner: postgres
--

ALTER TABLE ONLY tmantenimiento
    ADD CONSTRAINT fk_tservicio_tmantenimiento_1 FOREIGN KEY (tservicio_idservicio) REFERENCES tservicio_mantenimiento(idservicio);


--
-- Name: fk_tservicio_tmodulo1; Type: FK CONSTRAINT; Schema: public; Owner: postgres
--

ALTER TABLE ONLY tservicio
    ADD CONSTRAINT fk_tservicio_tmodulo1 FOREIGN KEY (idmodulo) REFERENCES tmodulo(idmodulo);


--
-- Name: fk_tservicio_tservicio_proveedor_1; Type: FK CONSTRAINT; Schema: public; Owner: postgres
--

ALTER TABLE ONLY tservicio_proveedor
    ADD CONSTRAINT fk_tservicio_tservicio_proveedor_1 FOREIGN KEY (tservicio_idservicio) REFERENCES tservicio_mantenimiento(idservicio);


--
-- Name: fk_ttipo_producto_tproducto_1; Type: FK CONSTRAINT; Schema: public; Owner: postgres
--

ALTER TABLE ONLY tproducto
    ADD CONSTRAINT fk_ttipo_producto_tproducto_1 FOREIGN KEY (ttipo_producto_idtipo_producto) REFERENCES ttipo_producto(idtipo_producto);


--
-- Name: fk_tusuario_trol1; Type: FK CONSTRAINT; Schema: public; Owner: postgres
--

ALTER TABLE ONLY tusuario
    ADD CONSTRAINT fk_tusuario_trol1 FOREIGN KEY (trol_idrol) REFERENCES trol(idrol);


--
-- Name: fk_tvehiculo_tfactura_1; Type: FK CONSTRAINT; Schema: public; Owner: postgres
--

ALTER TABLE ONLY tfactura
    ADD CONSTRAINT fk_tvehiculo_tfactura_1 FOREIGN KEY (tvehiculo_idvehiculo) REFERENCES tvehiculo(idvehiculo);


--
-- Name: fk_tvehiculo_tmantenimiento_1; Type: FK CONSTRAINT; Schema: public; Owner: postgres
--

ALTER TABLE ONLY tmantenimiento
    ADD CONSTRAINT fk_tvehiculo_tmantenimiento_1 FOREIGN KEY (tvehiculo_idvehiculo) REFERENCES tvehiculo(idvehiculo);


--
-- Name: public; Type: ACL; Schema: -; Owner: postgres
--

REVOKE ALL ON SCHEMA public FROM PUBLIC;
REVOKE ALL ON SCHEMA public FROM postgres;
GRANT ALL ON SCHEMA public TO postgres;
GRANT ALL ON SCHEMA public TO PUBLIC;


--
-- PostgreSQL database dump complete
--

