CREATE SEQUENCE sidacceso
    START WITH 1
    INCREMENT BY 1
    NO MINVALUE
    NO MAXVALUE
    CACHE 1;


ALTER TABLE public.sidacceso OWNER TO nayibeya;

--
-- TOC entry 162 (class 1259 OID 45236)
-- Dependencies: 6
-- Name: sidaccesorio; Type: SEQUENCE; Schema: public; Owner: nayibeya
--

CREATE SEQUENCE sidaccesorio
    START WITH 1
    INCREMENT BY 1
    NO MINVALUE
    NO MAXVALUE
    CACHE 1;


ALTER TABLE public.sidaccesorio OWNER TO nayibeya;

--
-- TOC entry 163 (class 1259 OID 45238)
-- Dependencies: 6
-- Name: sidbanco; Type: SEQUENCE; Schema: public; Owner: nayibeya
--

CREATE SEQUENCE sidbanco
    START WITH 1
    INCREMENT BY 1
    NO MINVALUE
    NO MAXVALUE
    CACHE 1;


ALTER TABLE public.sidbanco OWNER TO nayibeya;

--
-- TOC entry 164 (class 1259 OID 45240)
-- Dependencies: 6
-- Name: sidbitacora; Type: SEQUENCE; Schema: public; Owner: nayibeya
--

CREATE SEQUENCE sidbitacora
    START WITH 1
    INCREMENT BY 1
    NO MINVALUE
    NO MAXVALUE
    CACHE 1;


ALTER TABLE public.sidbitacora OWNER TO nayibeya;

--
-- TOC entry 165 (class 1259 OID 45242)
-- Dependencies: 6
-- Name: sidchofer; Type: SEQUENCE; Schema: public; Owner: nayibeya
--

CREATE SEQUENCE sidchofer
    START WITH 1
    INCREMENT BY 1
    NO MINVALUE
    NO MAXVALUE
    CACHE 1;


ALTER TABLE public.sidchofer OWNER TO nayibeya;

--
-- TOC entry 166 (class 1259 OID 45244)
-- Dependencies: 6
-- Name: sidclave; Type: SEQUENCE; Schema: public; Owner: nayibeya
--

CREATE SEQUENCE sidclave
    START WITH 1
    INCREMENT BY 1
    NO MINVALUE
    NO MAXVALUE
    CACHE 1;


ALTER TABLE public.sidclave OWNER TO nayibeya;

--
-- TOC entry 167 (class 1259 OID 45246)
-- Dependencies: 6
-- Name: sidcliente; Type: SEQUENCE; Schema: public; Owner: nayibeya
--

CREATE SEQUENCE sidcliente
    START WITH 1
    INCREMENT BY 1
    NO MINVALUE
    NO MAXVALUE
    CACHE 1;


ALTER TABLE public.sidcliente OWNER TO nayibeya;

--
-- TOC entry 168 (class 1259 OID 45248)
-- Dependencies: 6
-- Name: sidconfiguracion; Type: SEQUENCE; Schema: public; Owner: nayibeya
--

CREATE SEQUENCE sidconfiguracion
    START WITH 1
    INCREMENT BY 1
    NO MINVALUE
    NO MAXVALUE
    CACHE 1;


ALTER TABLE public.sidconfiguracion OWNER TO nayibeya;

--
-- TOC entry 169 (class 1259 OID 45250)
-- Dependencies: 6
-- Name: siddocumento; Type: SEQUENCE; Schema: public; Owner: nayibeya
--

CREATE SEQUENCE siddocumento
    START WITH 1
    INCREMENT BY 1
    NO MINVALUE
    NO MAXVALUE
    CACHE 1;


ALTER TABLE public.siddocumento OWNER TO nayibeya;

--
-- TOC entry 170 (class 1259 OID 45252)
-- Dependencies: 6
-- Name: sidfactura; Type: SEQUENCE; Schema: public; Owner: nayibeya
--

CREATE SEQUENCE sidfactura
    START WITH 1
    INCREMENT BY 1
    NO MINVALUE
    NO MAXVALUE
    CACHE 1;


ALTER TABLE public.sidfactura OWNER TO nayibeya;

--
-- TOC entry 171 (class 1259 OID 45254)
-- Dependencies: 6
-- Name: sidmantenimiento; Type: SEQUENCE; Schema: public; Owner: nayibeya
--

CREATE SEQUENCE sidmantenimiento
    START WITH 1
    INCREMENT BY 1
    NO MINVALUE
    NO MAXVALUE
    CACHE 1;


ALTER TABLE public.sidmantenimiento OWNER TO nayibeya;

--
-- TOC entry 172 (class 1259 OID 45256)
-- Dependencies: 6
-- Name: sidmarca; Type: SEQUENCE; Schema: public; Owner: nayibeya
--

CREATE SEQUENCE sidmarca
    START WITH 1
    INCREMENT BY 1
    NO MINVALUE
    NO MAXVALUE
    CACHE 1;


ALTER TABLE public.sidmarca OWNER TO nayibeya;

--
-- TOC entry 173 (class 1259 OID 45258)
-- Dependencies: 6
-- Name: sidmodelo; Type: SEQUENCE; Schema: public; Owner: nayibeya
--

CREATE SEQUENCE sidmodelo
    START WITH 1
    INCREMENT BY 1
    NO MINVALUE
    NO MAXVALUE
    CACHE 1;


ALTER TABLE public.sidmodelo OWNER TO nayibeya;

--
-- TOC entry 174 (class 1259 OID 45260)
-- Dependencies: 6
-- Name: sidmodulo; Type: SEQUENCE; Schema: public; Owner: nayibeya
--

CREATE SEQUENCE sidmodulo
    START WITH 1
    INCREMENT BY 1
    NO MINVALUE
    NO MAXVALUE
    CACHE 1;


ALTER TABLE public.sidmodulo OWNER TO nayibeya;

--
-- TOC entry 175 (class 1259 OID 45262)
-- Dependencies: 6
-- Name: sidprecinto; Type: SEQUENCE; Schema: public; Owner: nayibeya
--

CREATE SEQUENCE sidprecinto
    START WITH 1
    INCREMENT BY 1
    NO MINVALUE
    NO MAXVALUE
    CACHE 1;


ALTER TABLE public.sidprecinto OWNER TO nayibeya;

--
-- TOC entry 176 (class 1259 OID 45264)
-- Dependencies: 6
-- Name: sidpregunta; Type: SEQUENCE; Schema: public; Owner: nayibeya
--

CREATE SEQUENCE sidpregunta
    START WITH 1
    INCREMENT BY 1
    NO MINVALUE
    NO MAXVALUE
    CACHE 1;


ALTER TABLE public.sidpregunta OWNER TO nayibeya;

--
-- TOC entry 177 (class 1259 OID 45266)
-- Dependencies: 6
-- Name: sidproducto; Type: SEQUENCE; Schema: public; Owner: nayibeya
--

CREATE SEQUENCE sidproducto
    START WITH 1
    INCREMENT BY 1
    NO MINVALUE
    NO MAXVALUE
    CACHE 1;


ALTER TABLE public.sidproducto OWNER TO nayibeya;

--
-- TOC entry 178 (class 1259 OID 45268)
-- Dependencies: 6
-- Name: sidproveedor; Type: SEQUENCE; Schema: public; Owner: nayibeya
--

CREATE SEQUENCE sidproveedor
    START WITH 1
    INCREMENT BY 1
    NO MINVALUE
    NO MAXVALUE
    CACHE 1;


ALTER TABLE public.sidproveedor OWNER TO nayibeya;

--
-- TOC entry 179 (class 1259 OID 45270)
-- Dependencies: 6
-- Name: sidrol; Type: SEQUENCE; Schema: public; Owner: nayibeya
--

CREATE SEQUENCE sidrol
    START WITH 1
    INCREMENT BY 1
    NO MINVALUE
    NO MAXVALUE
    CACHE 1;


ALTER TABLE public.sidrol OWNER TO nayibeya;

--
-- TOC entry 180 (class 1259 OID 45272)
-- Dependencies: 6
-- Name: sidservicio; Type: SEQUENCE; Schema: public; Owner: nayibeya
--

CREATE SEQUENCE sidservicio
    START WITH 1
    INCREMENT BY 1
    NO MINVALUE
    NO MAXVALUE
    CACHE 1;


ALTER TABLE public.sidservicio OWNER TO nayibeya;

--
-- TOC entry 181 (class 1259 OID 45274)
-- Dependencies: 6
-- Name: sidservicio_mantenimiento; Type: SEQUENCE; Schema: public; Owner: nayibeya
--

CREATE SEQUENCE sidservicio_mantenimiento
    START WITH 1
    INCREMENT BY 1
    NO MINVALUE
    NO MAXVALUE
    CACHE 1;


ALTER TABLE public.sidservicio_mantenimiento OWNER TO nayibeya;

--
-- TOC entry 182 (class 1259 OID 45276)
-- Dependencies: 6
-- Name: sidtipo_producto; Type: SEQUENCE; Schema: public; Owner: nayibeya
--

CREATE SEQUENCE sidtipo_producto
    START WITH 1
    INCREMENT BY 1
    NO MINVALUE
    NO MAXVALUE
    CACHE 1;


ALTER TABLE public.sidtipo_producto OWNER TO nayibeya;

--
-- TOC entry 183 (class 1259 OID 45278)
-- Dependencies: 6
-- Name: sidvehiculo; Type: SEQUENCE; Schema: public; Owner: nayibeya
--

CREATE SEQUENCE sidvehiculo
    START WITH 1
    INCREMENT BY 1
    NO MINVALUE
    NO MAXVALUE
    CACHE 1;


ALTER TABLE public.sidvehiculo OWNER TO nayibeya;

SET default_tablespace = '';

SET default_with_oids = false;

--
-- TOC entry 184 (class 1259 OID 45280)
-- Dependencies: 1935 1936 6
-- Name: tacceso; Type: TABLE; Schema: public; Owner: nayibeya; Tablespace: 
--

CREATE TABLE tacceso (
    idacceso bigint DEFAULT nextval('sidacceso'::regclass) NOT NULL,
    idusuario character varying(20) NOT NULL,
    exitoacc character(1) NOT NULL,
    ipacc character varying(15) NOT NULL,
    estatusacc character(1) DEFAULT '1'::bpchar NOT NULL,
    fechaacc timestamp without time zone,
    fecha_salidaacc timestamp without time zone,
    ultima_actividadacc timestamp without time zone
);


ALTER TABLE public.tacceso OWNER TO nayibeya;

--
-- TOC entry 185 (class 1259 OID 45285)
-- Dependencies: 1937 6
-- Name: taccesorio; Type: TABLE; Schema: public; Owner: nayibeya; Tablespace: 
--

CREATE TABLE taccesorio (
    idaccesorio bigint DEFAULT nextval('sidaccesorio'::regclass) NOT NULL,
    idcodigoacc character(10) NOT NULL,
    tmodelo_idmodelo bigint NOT NULL,
    placaacc character(9) NOT NULL,
    anoacc character(4) NOT NULL,
    capacidadacc numeric(10,2) NOT NULL,
    unidadmedidaacc character(4) NOT NULL,
    observacionacc character varying(255),
    estatusacc character(1) NOT NULL,
    coloracc character varying(20)
);


ALTER TABLE public.taccesorio OWNER TO nayibeya;

--
-- TOC entry 186 (class 1259 OID 45289)
-- Dependencies: 1938 6
-- Name: tbanco; Type: TABLE; Schema: public; Owner: nayibeya; Tablespace: 
--

CREATE TABLE tbanco (
    idbanco bigint DEFAULT nextval('sidbanco'::regclass) NOT NULL,
    nombreban character varying(100) NOT NULL,
    observacionban character varying(255),
    estatusban character(1) NOT NULL
);


ALTER TABLE public.tbanco OWNER TO nayibeya;

--
-- TOC entry 187 (class 1259 OID 45293)
-- Dependencies: 1939 1940 1941 1942 1943 6
-- Name: tbitacora; Type: TABLE; Schema: public; Owner: nayibeya; Tablespace: 
--

CREATE TABLE tbitacora (
    idbitacora bigint DEFAULT nextval('sidbitacora'::regclass) NOT NULL,
    direccionbit character varying(300) NOT NULL,
    fechahorabit timestamp without time zone DEFAULT now() NOT NULL,
    valoranteriorbit character varying(100) DEFAULT NULL::character varying,
    valornuevobit character varying(100) DEFAULT NULL::character varying,
    ipbit character varying(30) NOT NULL,
    motivobit character varying(20) NOT NULL,
    operacionbit character varying(20) NOT NULL,
    campobit character varying(45) NOT NULL,
    tablabit character varying(45) NOT NULL,
    idusuario character varying(20) NOT NULL,
    serviciobit character varying(50) DEFAULT 'Inicio'::character varying NOT NULL
);


ALTER TABLE public.tbitacora OWNER TO nayibeya;

--
-- TOC entry 188 (class 1259 OID 45304)
-- Dependencies: 1944 6
-- Name: tchofer; Type: TABLE; Schema: public; Owner: nayibeya; Tablespace: 
--

CREATE TABLE tchofer (
    idchofer bigint DEFAULT nextval('sidchofer'::regclass) NOT NULL,
    idcodigocho character(10),
    aliascho character varying(50),
    nombrecho character varying(50) NOT NULL,
    apellidocho character varying(50) NOT NULL,
    cedula_rifcho character(12) NOT NULL,
    fechanacimientocho date,
    direccioncho character varying(255),
    correocho character varying(55),
    telefonomovilcho character(13),
    telefonolocalcho character(13),
    observacioncho character varying(255),
    estatuscho character(1) NOT NULL
);


ALTER TABLE public.tchofer OWNER TO nayibeya;

--
-- TOC entry 189 (class 1259 OID 45311)
-- Dependencies: 6
-- Name: tchofer_documento; Type: TABLE; Schema: public; Owner: nayibeya; Tablespace: 
--

CREATE TABLE tchofer_documento (
    tchofer_idchofer bigint NOT NULL,
    tdocumento_iddocumento bigint NOT NULL,
    fechaemisiondoc date NOT NULL,
    fechavencimientodoc date,
    directoriodoc character varying(255),
    estatusdoc character(1) NOT NULL
);


ALTER TABLE public.tchofer_documento OWNER TO nayibeya;

--
-- TOC entry 190 (class 1259 OID 45314)
-- Dependencies: 1945 1946 6
-- Name: tclave; Type: TABLE; Schema: public; Owner: nayibeya; Tablespace: 
--

CREATE TABLE tclave (
    idclave bigint DEFAULT nextval('sidclave'::regclass) NOT NULL,
    clavecla character varying(45) NOT NULL,
    fechainiciocla date NOT NULL,
    fechafincla date NOT NULL,
    estatuscla character varying(255) DEFAULT 1 NOT NULL,
    tusuario_idusuario character varying(20) NOT NULL
);


ALTER TABLE public.tclave OWNER TO nayibeya;

--
-- TOC entry 191 (class 1259 OID 45319)
-- Dependencies: 1947 6
-- Name: tcliente; Type: TABLE; Schema: public; Owner: nayibeya; Tablespace: 
--

CREATE TABLE tcliente (
    idcliente bigint DEFAULT nextval('sidcliente'::regclass) NOT NULL,
    idcodigocli character(10) NOT NULL,
    rifcli character(12) NOT NULL,
    razonsocial character varying(100) NOT NULL,
    apellidocli character varying(100),
    direccioncli character varying(255) NOT NULL,
    correounocli character varying(55),
    correodoscli character varying(55),
    correotrescli character varying(55),
    telefonounocli character(11),
    telefonodoscli character(11),
    telefonotrescli character(11),
    observacioncli character varying(255),
    estatuscli character(1) NOT NULL
);


ALTER TABLE public.tcliente OWNER TO nayibeya;

--
-- TOC entry 217 (class 1259 OID 45657)
-- Dependencies: 6
-- Name: tconfiguracion; Type: TABLE; Schema: public; Owner: nayibeya; Tablespace: 
--

CREATE TABLE tconfiguracion (
    imagenlogo character varying(255),
    imagenreporte character varying(255),
    imagenlogo_oscuro character varying(255),
    imagenshort_icon character varying(255),
    prefijo_chofer character(2),
    prefijo_producto character(2)
);


ALTER TABLE public.tconfiguracion OWNER TO nayibeya;

--
-- TOC entry 192 (class 1259 OID 45326)
-- Dependencies: 1948 6
-- Name: tdocumento; Type: TABLE; Schema: public; Owner: nayibeya; Tablespace: 
--

CREATE TABLE tdocumento (
    iddocumento bigint DEFAULT nextval('siddocumento'::regclass) NOT NULL,
    descripciondoc character varying(255) NOT NULL,
    vencedoc character(1) NOT NULL,
    duraciondoc bigint NOT NULL,
    observaciondoc character varying(255),
    estatusdoc character(1) NOT NULL,
    tipodoc character varying(45)
);


ALTER TABLE public.tdocumento OWNER TO nayibeya;

--
-- TOC entry 193 (class 1259 OID 45333)
-- Dependencies: 1949 6
-- Name: tfactura; Type: TABLE; Schema: public; Owner: nayibeya; Tablespace: 
--

CREATE TABLE tfactura (
    idfactura bigint DEFAULT nextval('sidfactura'::regclass) NOT NULL,
    tvehiculo_idvehiculo bigint NOT NULL,
    taccesorio_idaccesorio bigint NOT NULL,
    tcliente_idcliente bigint NOT NULL,
    tchofer_idchofer bigint NOT NULL,
    ivafac numeric(10,2) NOT NULL,
    totalfac numeric(10,2) NOT NULL,
    observacionfac character varying(255),
    estatusfac character(1) NOT NULL,
    fechafac timestamp without time zone,
    porcentajeivafac character(4),
    prefijo_control character(2),
    numero_control character(8)
);


ALTER TABLE public.tfactura OWNER TO nayibeya;

--
-- TOC entry 194 (class 1259 OID 45337)
-- Dependencies: 6
-- Name: tfactura_producto; Type: TABLE; Schema: public; Owner: nayibeya; Tablespace: 
--

CREATE TABLE tfactura_producto (
    tfactura_idfactura bigint NOT NULL,
    tproducto_idproducto bigint NOT NULL,
    cantidadpro numeric(10,2) NOT NULL,
    preciopro numeric(10,2) NOT NULL
);


ALTER TABLE public.tfactura_producto OWNER TO nayibeya;

--
-- TOC entry 195 (class 1259 OID 45340)
-- Dependencies: 6
-- Name: tgoogle_users; Type: TABLE; Schema: public; Owner: nayibeya; Tablespace: 
--

CREATE TABLE tgoogle_users (
    google_id numeric(21,0) NOT NULL,
    google_name character varying(100) NOT NULL,
    google_email character varying(100) NOT NULL,
    google_link character varying(100) NOT NULL,
    google_picture_link character varying(100) NOT NULL
);


ALTER TABLE public.tgoogle_users OWNER TO nayibeya;

--
-- TOC entry 196 (class 1259 OID 45343)
-- Dependencies: 1950 6
-- Name: tmantenimiento; Type: TABLE; Schema: public; Owner: nayibeya; Tablespace: 
--

CREATE TABLE tmantenimiento (
    idmantenimiento bigint DEFAULT nextval('sidmantenimiento'::regclass) NOT NULL,
    tvehiculo_idvehiculo bigint NOT NULL,
    tservicio_idservicio bigint NOT NULL,
    tproveedor_idproveedor bigint NOT NULL,
    fechaser date NOT NULL,
    fechaproximoser date,
    observacionser character varying(255),
    estatusser character(1) NOT NULL
);


ALTER TABLE public.tmantenimiento OWNER TO nayibeya;

--
-- TOC entry 197 (class 1259 OID 45347)
-- Dependencies: 1951 1952 6
-- Name: tmarca; Type: TABLE; Schema: public; Owner: nayibeya; Tablespace: 
--

CREATE TABLE tmarca (
    idmarca bigint DEFAULT nextval('sidmarca'::regclass) NOT NULL,
    descripcionmar character varying(255) NOT NULL,
    observacionmar character varying(255),
    estatusmar character(1) NOT NULL,
    tipomar character(1) DEFAULT 1
);


ALTER TABLE public.tmarca OWNER TO nayibeya;

--
-- TOC entry 198 (class 1259 OID 45354)
-- Dependencies: 1953 6
-- Name: tmodelo; Type: TABLE; Schema: public; Owner: nayibeya; Tablespace: 
--

CREATE TABLE tmodelo (
    idmodelo bigint DEFAULT nextval('sidmodelo'::regclass) NOT NULL,
    descripcionmod character varying(255) NOT NULL,
    tmarca_idmarca bigint NOT NULL,
    observacionmod character varying(255),
    estatusmod character(1) NOT NULL
);


ALTER TABLE public.tmodelo OWNER TO nayibeya;

--
-- TOC entry 199 (class 1259 OID 45361)
-- Dependencies: 1954 1955 6
-- Name: tmodulo; Type: TABLE; Schema: public; Owner: nayibeya; Tablespace: 
--

CREATE TABLE tmodulo (
    idmodulo bigint DEFAULT nextval('sidmodulo'::regclass) NOT NULL,
    nombremod character varying(30) NOT NULL,
    estatusmod character varying(255) DEFAULT 1 NOT NULL,
    icono character varying(65),
    "case" character varying(100)
);


ALTER TABLE public.tmodulo OWNER TO nayibeya;

--
-- TOC entry 200 (class 1259 OID 45366)
-- Dependencies: 6
-- Name: tmodulo_trol; Type: TABLE; Schema: public; Owner: nayibeya; Tablespace: 
--

CREATE TABLE tmodulo_trol (
    idmodulo bigint NOT NULL,
    idrol bigint NOT NULL,
    orden integer NOT NULL
);


ALTER TABLE public.tmodulo_trol OWNER TO nayibeya;

--
-- TOC entry 201 (class 1259 OID 45369)
-- Dependencies: 1956 6
-- Name: tprecinto; Type: TABLE; Schema: public; Owner: nayibeya; Tablespace: 
--

CREATE TABLE tprecinto (
    idprecinto bigint DEFAULT nextval('sidprecinto'::regclass) NOT NULL,
    idcodigopre character(10) NOT NULL,
    tfactura_idfactura bigint,
    observacionpre character varying(255),
    estatuspre character(1) NOT NULL,
    grupopre character(10)
);


ALTER TABLE public.tprecinto OWNER TO nayibeya;

--
-- TOC entry 202 (class 1259 OID 45373)
-- Dependencies: 1957 6
-- Name: tpregunta; Type: TABLE; Schema: public; Owner: nayibeya; Tablespace: 
--

CREATE TABLE tpregunta (
    idpregunta bigint DEFAULT nextval('sidpregunta'::regclass) NOT NULL,
    pregunta character varying(30) NOT NULL,
    respuesta character varying(30) NOT NULL,
    tusuario_idusuario character varying(20) NOT NULL
);


ALTER TABLE public.tpregunta OWNER TO nayibeya;

--
-- TOC entry 203 (class 1259 OID 45377)
-- Dependencies: 1958 6
-- Name: tproducto; Type: TABLE; Schema: public; Owner: nayibeya; Tablespace: 
--

CREATE TABLE tproducto (
    idproducto bigint DEFAULT nextval('sidproducto'::regclass) NOT NULL,
    idcodigopro character(10),
    descripcioncortapro character varying(100) NOT NULL,
    descripcionlargapro character varying(255),
    unidadmedidapro character(4) NOT NULL,
    preciounitariopro numeric(10,2) NOT NULL,
    existenciapro numeric(10,2),
    ttipo_producto_idtipo_producto bigint NOT NULL,
    observacionpro character varying(255),
    estatuspro character(1) NOT NULL,
    preciocomprapro numeric(10,2)
);


ALTER TABLE public.tproducto OWNER TO nayibeya;

--
-- TOC entry 204 (class 1259 OID 45384)
-- Dependencies: 6
-- Name: tproducto_documento; Type: TABLE; Schema: public; Owner: nayibeya; Tablespace: 
--

CREATE TABLE tproducto_documento (
    tproducto_idproducto integer NOT NULL,
    tdocumento_iddocumento integer NOT NULL,
    fechaemisiondoc date,
    fechavencimientodoc date,
    directoriodoc character varying(255),
    estatusdoc character(1)
);


ALTER TABLE public.tproducto_documento OWNER TO nayibeya;

--
-- TOC entry 205 (class 1259 OID 45387)
-- Dependencies: 1959 6
-- Name: tproveedor; Type: TABLE; Schema: public; Owner: nayibeya; Tablespace: 
--

CREATE TABLE tproveedor (
    idproveedor bigint DEFAULT nextval('sidproveedor'::regclass) NOT NULL,
    idcodigopro character(10) NOT NULL,
    rifpro character(10) NOT NULL,
    nombrepro character varying(100) NOT NULL,
    correounopro character varying(55) NOT NULL,
    correodospro character varying(55),
    telefonounopro character(11) NOT NULL,
    telefonodospro character(11),
    numerocuentapro character(20) NOT NULL,
    tbanco_idbanco bigint NOT NULL,
    observacionpro character varying(255),
    estatuspro character(1) NOT NULL
);


ALTER TABLE public.tproveedor OWNER TO nayibeya;

--
-- TOC entry 206 (class 1259 OID 45394)
-- Dependencies: 1960 1961 6
-- Name: trol; Type: TABLE; Schema: public; Owner: nayibeya; Tablespace: 
--

CREATE TABLE trol (
    idrol bigint DEFAULT nextval('sidrol'::regclass) NOT NULL,
    nombrerol character varying(45) NOT NULL,
    estatusrol character varying(255) DEFAULT 1 NOT NULL
);


ALTER TABLE public.trol OWNER TO nayibeya;

--
-- TOC entry 207 (class 1259 OID 45399)
-- Dependencies: 1962 1963 1964 6
-- Name: tservicio; Type: TABLE; Schema: public; Owner: nayibeya; Tablespace: 
--

CREATE TABLE tservicio (
    idservicio bigint DEFAULT nextval('sidservicio'::regclass) NOT NULL,
    nombreser character varying(50) NOT NULL,
    enlaceser character varying(50) NOT NULL,
    visibleser character varying(255) DEFAULT 1 NOT NULL,
    estatusser character varying(255) DEFAULT 1 NOT NULL,
    idmodulo bigint NOT NULL
);


ALTER TABLE public.tservicio OWNER TO nayibeya;

--
-- TOC entry 208 (class 1259 OID 45408)
-- Dependencies: 1965 6
-- Name: tservicio_mantenimiento; Type: TABLE; Schema: public; Owner: nayibeya; Tablespace: 
--

CREATE TABLE tservicio_mantenimiento (
    idservicio bigint DEFAULT nextval('sidservicio_mantenimiento'::regclass) NOT NULL,
    descripcionser character varying(255) NOT NULL,
    observacionser character varying(255),
    estatusser character(1) NOT NULL
);


ALTER TABLE public.tservicio_mantenimiento OWNER TO nayibeya;

--
-- TOC entry 209 (class 1259 OID 45415)
-- Dependencies: 6
-- Name: tservicio_proveedor; Type: TABLE; Schema: public; Owner: nayibeya; Tablespace: 
--

CREATE TABLE tservicio_proveedor (
    tservicio_idservicio bigint,
    tproveedor_idproveedor bigint
);


ALTER TABLE public.tservicio_proveedor OWNER TO nayibeya;

--
-- TOC entry 210 (class 1259 OID 45418)
-- Dependencies: 6
-- Name: tservicio_trol; Type: TABLE; Schema: public; Owner: nayibeya; Tablespace: 
--

CREATE TABLE tservicio_trol (
    idservicio bigint NOT NULL,
    idrol bigint NOT NULL,
    orden integer
);


ALTER TABLE public.tservicio_trol OWNER TO nayibeya;

--
-- TOC entry 211 (class 1259 OID 45421)
-- Dependencies: 6 210
-- Name: tservicio_trol_idservicio_seq; Type: SEQUENCE; Schema: public; Owner: nayibeya
--

CREATE SEQUENCE tservicio_trol_idservicio_seq
    START WITH 1
    INCREMENT BY 1
    NO MINVALUE
    NO MAXVALUE
    CACHE 1;


ALTER TABLE public.tservicio_trol_idservicio_seq OWNER TO nayibeya;

--
-- TOC entry 2233 (class 0 OID 0)
-- Dependencies: 211
-- Name: tservicio_trol_idservicio_seq; Type: SEQUENCE OWNED BY; Schema: public; Owner: nayibeya
--

ALTER SEQUENCE tservicio_trol_idservicio_seq OWNED BY tservicio_trol.idservicio;


--
-- TOC entry 212 (class 1259 OID 45423)
-- Dependencies: 1967 1968 1969 1970 1971 6
-- Name: tsistema; Type: TABLE; Schema: public; Owner: nayibeya; Tablespace: 
--

CREATE TABLE tsistema (
    idconfiguracion bigint DEFAULT nextval('sidconfiguracion'::regclass) NOT NULL,
    introducion text,
    mision text,
    vision text,
    historia text,
    objetivos text,
    direccion text,
    nropreguntas character varying(2) DEFAULT NULL::character varying,
    clavepredeterminada character varying(45) DEFAULT NULL::character varying,
    nrointentos character varying(45) DEFAULT NULL::character varying,
    tiempocaducida character varying(3) DEFAULT NULL::character varying,
    tiempoconexion integer,
    tiempolapso integer
);


ALTER TABLE public.tsistema OWNER TO nayibeya;

--
-- TOC entry 213 (class 1259 OID 45434)
-- Dependencies: 1972 6
-- Name: ttipo_producto; Type: TABLE; Schema: public; Owner: nayibeya; Tablespace: 
--

CREATE TABLE ttipo_producto (
    idtipo_producto bigint DEFAULT nextval('sidtipo_producto'::regclass) NOT NULL,
    descripciontip character varying(255) NOT NULL,
    observaciontip character varying(255),
    estatustip character(1) NOT NULL
);


ALTER TABLE public.ttipo_producto OWNER TO nayibeya;

--
-- TOC entry 214 (class 1259 OID 45441)
-- Dependencies: 1973 1974 6
-- Name: tusuario; Type: TABLE; Schema: public; Owner: nayibeya; Tablespace: 
--

CREATE TABLE tusuario (
    idusuario character varying(20) NOT NULL,
    nombreusu character varying(45) NOT NULL,
    emailusu character varying(55) NOT NULL,
    estatususu character varying(255) DEFAULT 1 NOT NULL,
    ultima_actividadusu character varying(255) NOT NULL,
    trol_idrol integer NOT NULL,
    cedula character(9) DEFAULT 'S/C'::bpchar,
    intentos_fallidos integer NOT NULL
);


ALTER TABLE public.tusuario OWNER TO nayibeya;

--
-- TOC entry 215 (class 1259 OID 45449)
-- Dependencies: 1975 6
-- Name: tvehiculo; Type: TABLE; Schema: public; Owner: nayibeya; Tablespace: 
--

CREATE TABLE tvehiculo (
    idvehiculo bigint DEFAULT nextval('sidvehiculo'::regclass) NOT NULL,
    idcodigoveh character(10),
    aliasveh character varying(50),
    placaveh character(9) NOT NULL,
    anoveh character(4) NOT NULL,
    colorveh character varying(20) NOT NULL,
    tmodelo_idmodelo bigint NOT NULL,
    observacionveh character varying(255),
    estatusveh character(1) NOT NULL
);


ALTER TABLE public.tvehiculo OWNER TO nayibeya;

--
-- TOC entry 216 (class 1259 OID 45453)
-- Dependencies: 6
-- Name: tvehiculo_accesorio; Type: TABLE; Schema: public; Owner: nayibeya; Tablespace: 
--

CREATE TABLE tvehiculo_accesorio (
    tvehiculo_idvehiculo bigint,
    taccesorio_idaccesorio bigint
);


ALTER TABLE public.tvehiculo_accesorio OWNER TO nayibeya;

--
-- TOC entry 1966 (class 2604 OID 45456)
-- Dependencies: 211 210
-- Name: idservicio; Type: DEFAULT; Schema: public; Owner: nayibeya
--

ALTER TABLE ONLY tservicio_trol ALTER COLUMN idservicio SET DEFAULT nextval('tservicio_trol_idservicio_seq'::regclass);


--
-- TOC entry 2234 (class 0 OID 0)
-- Dependencies: 161
-- Name: sidacceso; Type: SEQUENCE SET; Schema: public; Owner: nayibeya
--

SELECT pg_catalog.setval('sidacceso', 13, true);


--
-- TOC entry 2235 (class 0 OID 0)
-- Dependencies: 162
-- Name: sidaccesorio; Type: SEQUENCE SET; Schema: public; Owner: nayibeya
--

SELECT pg_catalog.setval('sidaccesorio', 3, true);


--
-- TOC entry 2236 (class 0 OID 0)
-- Dependencies: 163
-- Name: sidbanco; Type: SEQUENCE SET; Schema: public; Owner: nayibeya
--

SELECT pg_catalog.setval('sidbanco', 1, false);


--
-- TOC entry 2237 (class 0 OID 0)
-- Dependencies: 164
-- Name: sidbitacora; Type: SEQUENCE SET; Schema: public; Owner: nayibeya
--

SELECT pg_catalog.setval('sidbitacora', 15, true);


--
-- TOC entry 2238 (class 0 OID 0)
-- Dependencies: 165
-- Name: sidchofer; Type: SEQUENCE SET; Schema: public; Owner: nayibeya
--

SELECT pg_catalog.setval('sidchofer', 27, true);


--
-- TOC entry 2239 (class 0 OID 0)
-- Dependencies: 166
-- Name: sidclave; Type: SEQUENCE SET; Schema: public; Owner: nayibeya
--

SELECT pg_catalog.setval('sidclave', 2, true);


--
-- TOC entry 2240 (class 0 OID 0)
-- Dependencies: 167
-- Name: sidcliente; Type: SEQUENCE SET; Schema: public; Owner: nayibeya
--

SELECT pg_catalog.setval('sidcliente', 4, true);


--
-- TOC entry 2241 (class 0 OID 0)
-- Dependencies: 168
-- Name: sidconfiguracion; Type: SEQUENCE SET; Schema: public; Owner: nayibeya
--

SELECT pg_catalog.setval('sidconfiguracion', 1, true);


--
-- TOC entry 2242 (class 0 OID 0)
-- Dependencies: 169
-- Name: siddocumento; Type: SEQUENCE SET; Schema: public; Owner: nayibeya
--

SELECT pg_catalog.setval('siddocumento', 4, true);


--
-- TOC entry 2243 (class 0 OID 0)
-- Dependencies: 170
-- Name: sidfactura; Type: SEQUENCE SET; Schema: public; Owner: nayibeya
--

SELECT pg_catalog.setval('sidfactura', 46, true);


--
-- TOC entry 2244 (class 0 OID 0)
-- Dependencies: 171
-- Name: sidmantenimiento; Type: SEQUENCE SET; Schema: public; Owner: nayibeya
--

SELECT pg_catalog.setval('sidmantenimiento', 1, false);


--
-- TOC entry 2245 (class 0 OID 0)
-- Dependencies: 172
-- Name: sidmarca; Type: SEQUENCE SET; Schema: public; Owner: nayibeya
--

SELECT pg_catalog.setval('sidmarca', 4, true);


--
-- TOC entry 2246 (class 0 OID 0)
-- Dependencies: 173
-- Name: sidmodelo; Type: SEQUENCE SET; Schema: public; Owner: nayibeya
--

SELECT pg_catalog.setval('sidmodelo', 4, true);


--
-- TOC entry 2247 (class 0 OID 0)
-- Dependencies: 174
-- Name: sidmodulo; Type: SEQUENCE SET; Schema: public; Owner: nayibeya
--

SELECT pg_catalog.setval('sidmodulo', 9, true);


--
-- TOC entry 2248 (class 0 OID 0)
-- Dependencies: 175
-- Name: sidprecinto; Type: SEQUENCE SET; Schema: public; Owner: nayibeya
--

SELECT pg_catalog.setval('sidprecinto', 125, true);


--
-- TOC entry 2249 (class 0 OID 0)
-- Dependencies: 176
-- Name: sidpregunta; Type: SEQUENCE SET; Schema: public; Owner: nayibeya
--

SELECT pg_catalog.setval('sidpregunta', 1, false);


--
-- TOC entry 2250 (class 0 OID 0)
-- Dependencies: 177
-- Name: sidproducto; Type: SEQUENCE SET; Schema: public; Owner: nayibeya
--

SELECT pg_catalog.setval('sidproducto', 11, true);


--
-- TOC entry 2251 (class 0 OID 0)
-- Dependencies: 178
-- Name: sidproveedor; Type: SEQUENCE SET; Schema: public; Owner: nayibeya
--

SELECT pg_catalog.setval('sidproveedor', 1, false);


--
-- TOC entry 2252 (class 0 OID 0)
-- Dependencies: 179
-- Name: sidrol; Type: SEQUENCE SET; Schema: public; Owner: nayibeya
--

SELECT pg_catalog.setval('sidrol', 2, true);


--
-- TOC entry 2253 (class 0 OID 0)
-- Dependencies: 180
-- Name: sidservicio; Type: SEQUENCE SET; Schema: public; Owner: nayibeya
--

SELECT pg_catalog.setval('sidservicio', 59, true);


--
-- TOC entry 2254 (class 0 OID 0)
-- Dependencies: 181
-- Name: sidservicio_mantenimiento; Type: SEQUENCE SET; Schema: public; Owner: nayibeya
--

SELECT pg_catalog.setval('sidservicio_mantenimiento', 1, false);


--
-- TOC entry 2255 (class 0 OID 0)
-- Dependencies: 182
-- Name: sidtipo_producto; Type: SEQUENCE SET; Schema: public; Owner: nayibeya
--

SELECT pg_catalog.setval('sidtipo_producto', 23, true);


--
-- TOC entry 2256 (class 0 OID 0)
-- Dependencies: 183
-- Name: sidvehiculo; Type: SEQUENCE SET; Schema: public; Owner: nayibeya
--

SELECT pg_catalog.setval('sidvehiculo', 2, true);


--
-- TOC entry 2191 (class 0 OID 45280)
-- Dependencies: 184 2225
-- Data for Name: tacceso; Type: TABLE DATA; Schema: public; Owner: nayibeya
--

INSERT INTO tacceso (idacceso, idusuario, exitoacc, ipacc, estatusacc, fechaacc, fecha_salidaacc, ultima_actividadacc) VALUES (1, 'Administrador', '0', '127.0.0.1', '0', NULL, NULL, NULL);
INSERT INTO tacceso (idacceso, idusuario, exitoacc, ipacc, estatusacc, fechaacc, fecha_salidaacc, ultima_actividadacc) VALUES (2, 'Administrador', '0', '127.0.0.1', '0', NULL, NULL, NULL);
INSERT INTO tacceso (idacceso, idusuario, exitoacc, ipacc, estatusacc, fechaacc, fecha_salidaacc, ultima_actividadacc) VALUES (3, 'Administrador', '0', '127.0.0.1', '0', NULL, NULL, NULL);
INSERT INTO tacceso (idacceso, idusuario, exitoacc, ipacc, estatusacc, fechaacc, fecha_salidaacc, ultima_actividadacc) VALUES (4, 'Administrador', '0', '127.0.0.1', '0', NULL, NULL, NULL);
INSERT INTO tacceso (idacceso, idusuario, exitoacc, ipacc, estatusacc, fechaacc, fecha_salidaacc, ultima_actividadacc) VALUES (5, 'Administrador', '0', '127.0.0.1', '0', NULL, NULL, NULL);
INSERT INTO tacceso (idacceso, idusuario, exitoacc, ipacc, estatusacc, fechaacc, fecha_salidaacc, ultima_actividadacc) VALUES (6, 'Administrador', '0', '127.0.0.1', '0', NULL, NULL, NULL);
INSERT INTO tacceso (idacceso, idusuario, exitoacc, ipacc, estatusacc, fechaacc, fecha_salidaacc, ultima_actividadacc) VALUES (7, 'Administrador', '0', '127.0.0.1', '0', NULL, NULL, NULL);
INSERT INTO tacceso (idacceso, idusuario, exitoacc, ipacc, estatusacc, fechaacc, fecha_salidaacc, ultima_actividadacc) VALUES (8, 'Administrador', '0', '127.0.0.1', '0', NULL, NULL, NULL);
INSERT INTO tacceso (idacceso, idusuario, exitoacc, ipacc, estatusacc, fechaacc, fecha_salidaacc, ultima_actividadacc) VALUES (9, 'Administrador', '0', '127.0.0.1', '0', NULL, NULL, NULL);
INSERT INTO tacceso (idacceso, idusuario, exitoacc, ipacc, estatusacc, fechaacc, fecha_salidaacc, ultima_actividadacc) VALUES (10, 'Administrador', '0', '127.0.0.1', '0', NULL, NULL, NULL);
INSERT INTO tacceso (idacceso, idusuario, exitoacc, ipacc, estatusacc, fechaacc, fecha_salidaacc, ultima_actividadacc) VALUES (11, 'Administrador', '0', '127.0.0.1', '0', NULL, NULL, NULL);
INSERT INTO tacceso (idacceso, idusuario, exitoacc, ipacc, estatusacc, fechaacc, fecha_salidaacc, ultima_actividadacc) VALUES (12, 'administrador', '0', '192.168.1.102', '0', NULL, NULL, NULL);
INSERT INTO tacceso (idacceso, idusuario, exitoacc, ipacc, estatusacc, fechaacc, fecha_salidaacc, ultima_actividadacc) VALUES (13, '', '0', '192.168.1.102', '0', NULL, NULL, NULL);


--
-- TOC entry 2192 (class 0 OID 45285)
-- Dependencies: 185 2225
-- Data for Name: taccesorio; Type: TABLE DATA; Schema: public; Owner: nayibeya
--

INSERT INTO taccesorio (idaccesorio, idcodigoacc, tmodelo_idmodelo, placaacc, anoacc, capacidadacc, unidadmedidaacc, observacionacc, estatusacc, coloracc) VALUES (1, '          ', 1, '00-234A  ', '2003', 30000.00, 'kg  ', '', '0', NULL);
INSERT INTO taccesorio (idaccesorio, idcodigoacc, tmodelo_idmodelo, placaacc, anoacc, capacidadacc, unidadmedidaacc, observacionacc, estatusacc, coloracc) VALUES (2, '          ', 2, 'A48CZ1V  ', '1979', 30000.00, 'kg  ', '', '1', 'GRIS Y AZUL');
INSERT INTO taccesorio (idaccesorio, idcodigoacc, tmodelo_idmodelo, placaacc, anoacc, capacidadacc, unidadmedidaacc, observacionacc, estatusacc, coloracc) VALUES (3, '          ', 4, 'A96BN0M  ', '1998', 30000.00, 'kg  ', '', '1', 'GRIS Y AZUL');


--
-- TOC entry 2193 (class 0 OID 45289)
-- Dependencies: 186 2225
-- Data for Name: tbanco; Type: TABLE DATA; Schema: public; Owner: nayibeya
--



--
-- TOC entry 2194 (class 0 OID 45293)
-- Dependencies: 187 2225
-- Data for Name: tbitacora; Type: TABLE DATA; Schema: public; Owner: nayibeya
--

INSERT INTO tbitacora (idbitacora, direccionbit, fechahorabit, valoranteriorbit, valornuevobit, ipbit, motivobit, operacionbit, campobit, tablabit, idusuario, serviciobit) VALUES (1, 'http://localhost:8080/venasol/admin/admin/vista/?modulo=seguridad&vista=registrar_rol', '2015-03-20 09:03:00', '', '', '127.0.0.1', 'Cargar datos', 'Registrar', '*', 'trol', 'Administrador', 'registrar_rol');
INSERT INTO tbitacora (idbitacora, direccionbit, fechahorabit, valoranteriorbit, valornuevobit, ipbit, motivobit, operacionbit, campobit, tablabit, idusuario, serviciobit) VALUES (2, 'http://localhost:8080/venasol/admin/admin/vista/?modulo=seguridad&vista=registrar_rol', '2015-03-20 09:03:00', '', '', '127.0.0.1', 'Cargar datos', 'Registrar', '*', 'trol', 'Administrador', 'registrar_rol');
INSERT INTO tbitacora (idbitacora, direccionbit, fechahorabit, valoranteriorbit, valornuevobit, ipbit, motivobit, operacionbit, campobit, tablabit, idusuario, serviciobit) VALUES (3, 'http://localhost:8080/venasol/admin/admin/vista/?modulo=seguridad&vista=registrar_rol', '2015-03-20 09:03:00', '', '', '127.0.0.1', 'Cargar datos', 'Registrar', '*', 'trol', 'Administrador', 'registrar_rol');
INSERT INTO tbitacora (idbitacora, direccionbit, fechahorabit, valoranteriorbit, valornuevobit, ipbit, motivobit, operacionbit, campobit, tablabit, idusuario, serviciobit) VALUES (4, 'http://localhost:8080/venasol/admin/admin/vista/?modulo=seguridad&vista=registrar_rol', '2015-03-20 09:03:00', '', '', '127.0.0.1', 'Cargar datos', 'Registrar', '*', 'trol', 'Administrador', 'registrar_rol');
INSERT INTO tbitacora (idbitacora, direccionbit, fechahorabit, valoranteriorbit, valornuevobit, ipbit, motivobit, operacionbit, campobit, tablabit, idusuario, serviciobit) VALUES (5, 'http://localhost:8080/venasol/admin/admin/vista/?modulo=seguridad&vista=registrar_rol', '2015-03-20 09:03:00', '', '', '127.0.0.1', 'Cargar datos', 'Registrar', '*', 'trol', 'Administrador', 'registrar_rol');
INSERT INTO tbitacora (idbitacora, direccionbit, fechahorabit, valoranteriorbit, valornuevobit, ipbit, motivobit, operacionbit, campobit, tablabit, idusuario, serviciobit) VALUES (6, 'http://localhost:8080/venasol/admin/admin/vista/?modulo=seguridad&vista=registrar_rol', '2015-03-20 09:03:00', '', '', '127.0.0.1', 'Cargar datos', 'Registrar', '*', 'trol', 'Administrador', 'registrar_rol');
INSERT INTO tbitacora (idbitacora, direccionbit, fechahorabit, valoranteriorbit, valornuevobit, ipbit, motivobit, operacionbit, campobit, tablabit, idusuario, serviciobit) VALUES (7, 'http://localhost:8080/venasol/admin/admin/vista/?modulo=seguridad&vista=rol', '2015-03-20 09:03:00', '1', '0', '127.0.0.1', 'No sé utiliza', 'Eliminar', 'estatusser', 'trol', 'Administrador', 'eliminar_rol');
INSERT INTO tbitacora (idbitacora, direccionbit, fechahorabit, valoranteriorbit, valornuevobit, ipbit, motivobit, operacionbit, campobit, tablabit, idusuario, serviciobit) VALUES (8, 'http://localhost:8080/venasol/admin/admin/vista/?modulo=seguridad&vista=rol', '2015-03-20 09:03:00', '1', '0', '127.0.0.1', 'No sé utiliza', 'Eliminar', 'estatusser', 'trol', 'Administrador', 'eliminar_rol');
INSERT INTO tbitacora (idbitacora, direccionbit, fechahorabit, valoranteriorbit, valornuevobit, ipbit, motivobit, operacionbit, campobit, tablabit, idusuario, serviciobit) VALUES (9, 'http://localhost:8080/venasol/admin/admin/vista/?modulo=seguridad&vista=rol', '2015-03-20 09:03:00', '0', '1', '127.0.0.1', 'No sé utiliza', 'Restaurar', 'estatusrol', 'trol', 'Administrador', 'restaurar_rol');
INSERT INTO tbitacora (idbitacora, direccionbit, fechahorabit, valoranteriorbit, valornuevobit, ipbit, motivobit, operacionbit, campobit, tablabit, idusuario, serviciobit) VALUES (10, 'http://localhost:8080/venasol/admin/admin/vista/?modulo=seguridad&vista=rol', '2015-03-20 09:03:00', '0', '1', '127.0.0.1', 'No sé utiliza', 'Restaurar', 'estatusrol', 'trol', 'Administrador', 'restaurar_rol');
INSERT INTO tbitacora (idbitacora, direccionbit, fechahorabit, valoranteriorbit, valornuevobit, ipbit, motivobit, operacionbit, campobit, tablabit, idusuario, serviciobit) VALUES (11, 'http://localhost:8080/venasol/admin/admin/vista/?modulo=seguridad&vista=rol', '2015-03-20 09:03:00', '1', '0', '127.0.0.1', 'No sé utiliza', 'Eliminar', 'estatusser', 'trol', 'Administrador', 'eliminar_rol');
INSERT INTO tbitacora (idbitacora, direccionbit, fechahorabit, valoranteriorbit, valornuevobit, ipbit, motivobit, operacionbit, campobit, tablabit, idusuario, serviciobit) VALUES (12, 'http://localhost:8080/venasol/admin/admin/vista/?modulo=seguridad&vista=rol', '2015-03-20 09:03:00', '0', '1', '127.0.0.1', 'No sé utiliza', 'Restaurar', 'estatusrol', 'trol', 'Administrador', 'restaurar_rol');
INSERT INTO tbitacora (idbitacora, direccionbit, fechahorabit, valoranteriorbit, valornuevobit, ipbit, motivobit, operacionbit, campobit, tablabit, idusuario, serviciobit) VALUES (13, 'http://localhost:8080/venasol/admin/admin/vista/?modulo=seguridad/rol', '2015-03-21 05:03:00', '1', '0', '127.0.0.1', 'No sé utiliza', 'Eliminar', 'estatusser', 'trol', 'Administrador', 'eliminar_rol');
INSERT INTO tbitacora (idbitacora, direccionbit, fechahorabit, valoranteriorbit, valornuevobit, ipbit, motivobit, operacionbit, campobit, tablabit, idusuario, serviciobit) VALUES (14, 'http://localhost:8080/venasol/admin/admin/vista/?modulo=seguridad/rol', '2015-03-21 05:03:00', '1', '0', '127.0.0.1', 'No sé utiliza', 'Eliminar', 'estatusser', 'trol', 'Administrador', 'eliminar_rol');
INSERT INTO tbitacora (idbitacora, direccionbit, fechahorabit, valoranteriorbit, valornuevobit, ipbit, motivobit, operacionbit, campobit, tablabit, idusuario, serviciobit) VALUES (15, 'http://localhost:8080/venasol/admin/admin/vista/?modulo=seguridad/rol', '2015-03-21 05:03:00', '0', '1', '127.0.0.1', 'No sé utiliza', 'Restaurar', 'estatusrol', 'trol', 'Administrador', 'restaurar_rol');


--
-- TOC entry 2195 (class 0 OID 45304)
-- Dependencies: 188 2225
-- Data for Name: tchofer; Type: TABLE DATA; Schema: public; Owner: nayibeya
--

INSERT INTO tchofer (idchofer, idcodigocho, aliascho, nombrecho, apellidocho, cedula_rifcho, fechanacimientocho, direccioncho, correocho, telefonomovilcho, telefonolocalcho, observacioncho, estatuscho) VALUES (1, 'CH0001    ', 'LOBO', 'JAVIER', 'MARTÍN', 'V-21561768', '1991-09-25', 'URB. HCDA. SAN JOSÉ', 'RECUPERA.JAVIER@GMAIL.COM', '0412 942-8301', '0412 942-8301', '', '1');
INSERT INTO tchofer (idchofer, idcodigocho, aliascho, nombrecho, apellidocho, cedula_rifcho, fechanacimientocho, direccioncho, correocho, telefonomovilcho, telefonolocalcho, observacioncho, estatuscho) VALUES (2, 'CH0002    ', 'CABEZON', 'JORGE', 'CASTILLO', 'V-10123456', '1970-10-23', 'VILLA ARAURE 1, #6244', 'JORGE.CASTILLO@GMAIL.COM', '0424 324-5235', '             ', '', '1');
INSERT INTO tchofer (idchofer, idcodigocho, aliascho, nombrecho, apellidocho, cedula_rifcho, fechanacimientocho, direccioncho, correocho, telefonomovilcho, telefonolocalcho, observacioncho, estatuscho) VALUES (21, 'CH0003    ', 'JANE', 'NANCY', 'LOBO', 'V-10135484', '1970-02-25', 'URB. HCDA. SAN JOSÉ', 'LOBO2570@HOTMAIL.COM', '0426 324-2362', '0255 125-1252', 'ASDASD', '1');
INSERT INTO tchofer (idchofer, idcodigocho, aliascho, nombrecho, apellidocho, cedula_rifcho, fechanacimientocho, direccioncho, correocho, telefonomovilcho, telefonolocalcho, observacioncho, estatuscho) VALUES (22, 'CH0004    ', 'JULIAN', 'AMILCAR', 'MORALES', 'V-20541154', '1991-09-17', 'URB AGUA CLARA', 'AMILCARJMORALES@GMAIL.COM', '0424 124-1251', '0255 435-3463', '', '1');
INSERT INTO tchofer (idchofer, idcodigocho, aliascho, nombrecho, apellidocho, cedula_rifcho, fechanacimientocho, direccioncho, correocho, telefonomovilcho, telefonolocalcho, observacioncho, estatuscho) VALUES (23, 'CH0004    ', 'CARA DE MUÑECA', 'RAIMAN', '', 'V-17169770', '1970-01-16', '@', '', '             ', '             ', '', '1');


--
-- TOC entry 2196 (class 0 OID 45311)
-- Dependencies: 189 2225
-- Data for Name: tchofer_documento; Type: TABLE DATA; Schema: public; Owner: nayibeya
--

INSERT INTO tchofer_documento (tchofer_idchofer, tdocumento_iddocumento, fechaemisiondoc, fechavencimientodoc, directoriodoc, estatusdoc) VALUES (22, 2, '2012-06-20', '2022-06-20', 'V20541154_2.jpg', '1');
INSERT INTO tchofer_documento (tchofer_idchofer, tdocumento_iddocumento, fechaemisiondoc, fechavencimientodoc, directoriodoc, estatusdoc) VALUES (22, 3, '2014-08-28', '2016-08-28', 'V20541154_3.jpg', '1');
INSERT INTO tchofer_documento (tchofer_idchofer, tdocumento_iddocumento, fechaemisiondoc, fechavencimientodoc, directoriodoc, estatusdoc) VALUES (21, 3, '2014-06-18', '2016-06-19', 'V10135484 _3_47ff7357-a992-4edc-abc5-e160f287b8e3.jpg', '1');
INSERT INTO tchofer_documento (tchofer_idchofer, tdocumento_iddocumento, fechaemisiondoc, fechavencimientodoc, directoriodoc, estatusdoc) VALUES (21, 2, '2015-03-19', '2015-03-27', 'V10135484 _2_6b8d6187-17fb-4119-abe5-6aacb8c857c4.jpg', '1');
INSERT INTO tchofer_documento (tchofer_idchofer, tdocumento_iddocumento, fechaemisiondoc, fechavencimientodoc, directoriodoc, estatusdoc) VALUES (23, 2, '2006-09-25', '2016-09-24', 'V17169770_2_ce478eb4-240c-483b-94d8-75523c67d255.jpg', '1');


--
-- TOC entry 2197 (class 0 OID 45314)
-- Dependencies: 190 2225
-- Data for Name: tclave; Type: TABLE DATA; Schema: public; Owner: nayibeya
--

INSERT INTO tclave (idclave, clavecla, fechainiciocla, fechafincla, estatuscla, tusuario_idusuario) VALUES (1, '96cab341bae5567148a5e5d9e636e13e', '2015-03-19', '2015-06-10', '1', 'Administrador');
INSERT INTO tclave (idclave, clavecla, fechainiciocla, fechafincla, estatuscla, tusuario_idusuario) VALUES (2, '2dc0f5b22a3381f4a9ff18b46696ebaa', '2015-04-12', '2021-12-12', '1', 'LuisSa');


--
-- TOC entry 2198 (class 0 OID 45319)
-- Dependencies: 191 2225
-- Data for Name: tcliente; Type: TABLE DATA; Schema: public; Owner: nayibeya
--

INSERT INTO tcliente (idcliente, idcodigocli, rifcli, razonsocial, apellidocli, direccioncli, correounocli, correodoscli, correotrescli, telefonounocli, telefonodoscli, telefonotrescli, observacioncli, estatuscli) VALUES (1, '          ', 'V21561768   ', 'JAVIER MARTÍN', NULL, 'URB. HCDA. SAN JOSÉ', 'recupera.javier@gmail.com', 'javier_666_636@hotmail.com', '', '04129428301', '           ', '           ', '', '1');
INSERT INTO tcliente (idcliente, idcodigocli, rifcli, razonsocial, apellidocli, direccioncli, correounocli, correodoscli, correotrescli, telefonounocli, telefonodoscli, telefonotrescli, observacioncli, estatuscli) VALUES (3, '          ', 'V35992070   ', 'ARMANDO MADURO F.P.', NULL, 'CASA N° 01 CALLE VIA PRINCIPAL AL LADO DEL CEMENTERIO EL AMPARO ESTADO APURE', 'armando.maduro@gmail.com', '', '', '04243512355', '           ', '           ', '', '1');
INSERT INTO tcliente (idcliente, idcodigocli, rifcli, razonsocial, apellidocli, direccioncli, correounocli, correodoscli, correotrescli, telefonounocli, telefonodoscli, telefonotrescli, observacioncli, estatuscli) VALUES (2, '          ', 'V20272772   ', 'MARIA VARGAS', NULL, 'URB. TINAJERO 2, CASA Nº 2', 'disnoa@gmail.com', '', '', '04120715582', '           ', '           ', '', '1');
INSERT INTO tcliente (idcliente, idcodigocli, rifcli, razonsocial, apellidocli, direccioncli, correounocli, correodoscli, correotrescli, telefonounocli, telefonodoscli, telefonotrescli, observacioncli, estatuscli) VALUES (4, '          ', 'J29516870-5 ', 'IMPORTADORA CAMILA C.A.', NULL, 'CALLE 9 CASA # 13-60 BARRIO SIMON BOLIVAR SAN ANTONIO DEL TACHIRA', '', '', '', '           ', '           ', '           ', 'Importante', '1');


--
-- TOC entry 2224 (class 0 OID 45657)
-- Dependencies: 217 2225
-- Data for Name: tconfiguracion; Type: TABLE DATA; Schema: public; Owner: nayibeya
--

INSERT INTO tconfiguracion (imagenlogo, imagenreporte, imagenlogo_oscuro, imagenshort_icon, prefijo_chofer, prefijo_producto) VALUES ('logo_52ae8649-4789-43cf-b239-75e699c798db.png', 'logo-black_035e9c24-6968-4c3c-94c4-4b1258d5d6a8.jpg', 'logo-black_aa4a4c01-9aac-4e07-a0a2-568ab0b4e340.png', 'favicon-venasol2_c3448d37-e7b5-44fe-864c-abe275ba96a3.png', 'CH', 'PR');


--
-- TOC entry 2199 (class 0 OID 45326)
-- Dependencies: 192 2225
-- Data for Name: tdocumento; Type: TABLE DATA; Schema: public; Owner: nayibeya
--

INSERT INTO tdocumento (iddocumento, descripciondoc, vencedoc, duraciondoc, observaciondoc, estatusdoc, tipodoc) VALUES (2, 'Licencia de conducir', '1', 10, '', '1', 'Chofer');
INSERT INTO tdocumento (iddocumento, descripciondoc, vencedoc, duraciondoc, observaciondoc, estatusdoc, tipodoc) VALUES (3, 'Certificado Médico', '1', 2, '', '1', 'Chofer');
INSERT INTO tdocumento (iddocumento, descripciondoc, vencedoc, duraciondoc, observaciondoc, estatusdoc, tipodoc) VALUES (4, 'Permiso de venta', '1', 1, '', '1', 'Producto');


--
-- TOC entry 2200 (class 0 OID 45333)
-- Dependencies: 193 2225
-- Data for Name: tfactura; Type: TABLE DATA; Schema: public; Owner: nayibeya
--

INSERT INTO tfactura (idfactura, tvehiculo_idvehiculo, taccesorio_idaccesorio, tcliente_idcliente, tchofer_idchofer, ivafac, totalfac, observacionfac, estatusfac, fechafac, porcentajeivafac, prefijo_control, numero_control) VALUES (4, 1, 2, 1, 2, 0.00, 66600.00, '', '1', '2015-03-30 02:38:55.673', NULL, NULL, NULL);
INSERT INTO tfactura (idfactura, tvehiculo_idvehiculo, taccesorio_idaccesorio, tcliente_idcliente, tchofer_idchofer, ivafac, totalfac, observacionfac, estatusfac, fechafac, porcentajeivafac, prefijo_control, numero_control) VALUES (7, 1, 2, 1, 2, 0.00, 99900.00, '', '1', '2015-03-30 22:13:31.268', NULL, NULL, NULL);
INSERT INTO tfactura (idfactura, tvehiculo_idvehiculo, taccesorio_idaccesorio, tcliente_idcliente, tchofer_idchofer, ivafac, totalfac, observacionfac, estatusfac, fechafac, porcentajeivafac, prefijo_control, numero_control) VALUES (8, 1, 2, 3, 1, 11988.00, 111888.00, '', '1', '2015-03-31 16:55:04.193', NULL, NULL, NULL);
INSERT INTO tfactura (idfactura, tvehiculo_idvehiculo, taccesorio_idaccesorio, tcliente_idcliente, tchofer_idchofer, ivafac, totalfac, observacionfac, estatusfac, fechafac, porcentajeivafac, prefijo_control, numero_control) VALUES (13, 2, 3, 4, 23, 0.00, 99900.00, 'ESTE PRODUCTO SE DIRIGE A LOS PATIOS DE LA ADUANA PRINCIPAL DEL ESTADO APURE, PARA SU NACIONALIZACIÓN', '1', '2015-03-31 18:19:00.015', NULL, NULL, NULL);
INSERT INTO tfactura (idfactura, tvehiculo_idvehiculo, taccesorio_idaccesorio, tcliente_idcliente, tchofer_idchofer, ivafac, totalfac, observacionfac, estatusfac, fechafac, porcentajeivafac, prefijo_control, numero_control) VALUES (14, 2, 3, 1, 23, 0.00, 66600.00, '', '1', '2015-04-08 00:16:11.508', NULL, NULL, NULL);
INSERT INTO tfactura (idfactura, tvehiculo_idvehiculo, taccesorio_idaccesorio, tcliente_idcliente, tchofer_idchofer, ivafac, totalfac, observacionfac, estatusfac, fechafac, porcentajeivafac, prefijo_control, numero_control) VALUES (22, 2, 3, 4, 23, 0.00, 99900.00, '', '1', '2015-04-08 00:25:30.013', NULL, NULL, NULL);
INSERT INTO tfactura (idfactura, tvehiculo_idvehiculo, taccesorio_idaccesorio, tcliente_idcliente, tchofer_idchofer, ivafac, totalfac, observacionfac, estatusfac, fechafac, porcentajeivafac, prefijo_control, numero_control) VALUES (30, 2, 3, 4, 23, 0.00, 0.00, '', '1', '2015-04-08 00:29:52.927', NULL, NULL, NULL);
INSERT INTO tfactura (idfactura, tvehiculo_idvehiculo, taccesorio_idaccesorio, tcliente_idcliente, tchofer_idchofer, ivafac, totalfac, observacionfac, estatusfac, fechafac, porcentajeivafac, prefijo_control, numero_control) VALUES (31, 2, 3, 4, 23, 0.00, 99900.00, '', '1', '2015-04-08 00:30:52.319', NULL, NULL, NULL);
INSERT INTO tfactura (idfactura, tvehiculo_idvehiculo, taccesorio_idaccesorio, tcliente_idcliente, tchofer_idchofer, ivafac, totalfac, observacionfac, estatusfac, fechafac, porcentajeivafac, prefijo_control, numero_control) VALUES (37, 2, 3, 4, 23, 0.00, 99900.00, '', '1', '2015-04-08 00:40:00.649', NULL, NULL, NULL);
INSERT INTO tfactura (idfactura, tvehiculo_idvehiculo, taccesorio_idaccesorio, tcliente_idcliente, tchofer_idchofer, ivafac, totalfac, observacionfac, estatusfac, fechafac, porcentajeivafac, prefijo_control, numero_control) VALUES (38, 2, 3, 4, 23, 0.00, 66600.00, '', '1', '2015-04-08 00:40:58.668', NULL, NULL, NULL);
INSERT INTO tfactura (idfactura, tvehiculo_idvehiculo, taccesorio_idaccesorio, tcliente_idcliente, tchofer_idchofer, ivafac, totalfac, observacionfac, estatusfac, fechafac, porcentajeivafac, prefijo_control, numero_control) VALUES (39, 2, 3, 1, 23, 0.00, 999000.00, '', '1', '2015-04-08 03:53:57.38', NULL, NULL, NULL);
INSERT INTO tfactura (idfactura, tvehiculo_idvehiculo, taccesorio_idaccesorio, tcliente_idcliente, tchofer_idchofer, ivafac, totalfac, observacionfac, estatusfac, fechafac, porcentajeivafac, prefijo_control, numero_control) VALUES (40, 2, 3, 1, 2, 0.00, 99900.00, '', '1', '2015-04-12 18:54:12.633', NULL, NULL, NULL);
INSERT INTO tfactura (idfactura, tvehiculo_idvehiculo, taccesorio_idaccesorio, tcliente_idcliente, tchofer_idchofer, ivafac, totalfac, observacionfac, estatusfac, fechafac, porcentajeivafac, prefijo_control, numero_control) VALUES (41, 2, 3, 1, 2, 0.00, 99900.00, '', '1', '2015-04-12 18:54:15.958', NULL, NULL, NULL);
INSERT INTO tfactura (idfactura, tvehiculo_idvehiculo, taccesorio_idaccesorio, tcliente_idcliente, tchofer_idchofer, ivafac, totalfac, observacionfac, estatusfac, fechafac, porcentajeivafac, prefijo_control, numero_control) VALUES (42, 2, 3, 1, 2, 0.00, 99900.00, '', '1', '2015-04-12 18:54:16.25', NULL, NULL, NULL);
INSERT INTO tfactura (idfactura, tvehiculo_idvehiculo, taccesorio_idaccesorio, tcliente_idcliente, tchofer_idchofer, ivafac, totalfac, observacionfac, estatusfac, fechafac, porcentajeivafac, prefijo_control, numero_control) VALUES (43, 1, 1, 4, 2, 13319.87, 124318.76, '', '1', '2015-04-20 20:36:41.518', NULL, NULL, NULL);
INSERT INTO tfactura (idfactura, tvehiculo_idvehiculo, taccesorio_idaccesorio, tcliente_idcliente, tchofer_idchofer, ivafac, totalfac, observacionfac, estatusfac, fechafac, porcentajeivafac, prefijo_control, numero_control) VALUES (44, 1, 1, 1, 2, 7992.00, 74592.00, '', '1', '2015-04-20 22:20:33.959', NULL, NULL, NULL);
INSERT INTO tfactura (idfactura, tvehiculo_idvehiculo, taccesorio_idaccesorio, tcliente_idcliente, tchofer_idchofer, ivafac, totalfac, observacionfac, estatusfac, fechafac, porcentajeivafac, prefijo_control, numero_control) VALUES (3, 1, 2, 1, 2, 11188.80, 104428.80, '', '1', '2015-03-29 21:35:15.363', NULL, NULL, NULL);
INSERT INTO tfactura (idfactura, tvehiculo_idvehiculo, taccesorio_idaccesorio, tcliente_idcliente, tchofer_idchofer, ivafac, totalfac, observacionfac, estatusfac, fechafac, porcentajeivafac, prefijo_control, numero_control) VALUES (2, 1, 2, 3, 22, 11988.00, 111888.00, 'Mercancia que va a los patios de la ADUANA PRINCIPAL DEL AMPARO DE
APURE. EDO. APURE. PARA SU NACIONALIZACION', '1', '2015-03-29 16:38:56.731', NULL, NULL, NULL);
INSERT INTO tfactura (idfactura, tvehiculo_idvehiculo, taccesorio_idaccesorio, tcliente_idcliente, tchofer_idchofer, ivafac, totalfac, observacionfac, estatusfac, fechafac, porcentajeivafac, prefijo_control, numero_control) VALUES (45, 1, 3, 4, 2, 11988.00, 111888.00, '', '1', '2015-04-20 22:37:20.622', NULL, NULL, NULL);
INSERT INTO tfactura (idfactura, tvehiculo_idvehiculo, taccesorio_idaccesorio, tcliente_idcliente, tchofer_idchofer, ivafac, totalfac, observacionfac, estatusfac, fechafac, porcentajeivafac, prefijo_control, numero_control) VALUES (46, 2, 1, 2, 1, 10655.73, 143852.40, '', '1', '2015-04-22 21:54:44.654', '0.08', '00', '00000020');


--
-- TOC entry 2201 (class 0 OID 45337)
-- Dependencies: 194 2225
-- Data for Name: tfactura_producto; Type: TABLE DATA; Schema: public; Owner: nayibeya
--

INSERT INTO tfactura_producto (tfactura_idfactura, tproducto_idproducto, cantidadpro, preciopro) VALUES (4, 1, 20000.00, 3.33);
INSERT INTO tfactura_producto (tfactura_idfactura, tproducto_idproducto, cantidadpro, preciopro) VALUES (7, 1, 29999.00, 3.33);
INSERT INTO tfactura_producto (tfactura_idfactura, tproducto_idproducto, cantidadpro, preciopro) VALUES (8, 1, 30000.00, 3.33);
INSERT INTO tfactura_producto (tfactura_idfactura, tproducto_idproducto, cantidadpro, preciopro) VALUES (13, 2, 30000.00, 3.33);
INSERT INTO tfactura_producto (tfactura_idfactura, tproducto_idproducto, cantidadpro, preciopro) VALUES (14, 11, 20000.00, 3.33);
INSERT INTO tfactura_producto (tfactura_idfactura, tproducto_idproducto, cantidadpro, preciopro) VALUES (22, 2, 30000.00, 3.33);
INSERT INTO tfactura_producto (tfactura_idfactura, tproducto_idproducto, cantidadpro, preciopro) VALUES (31, 2, 30000.00, 3.33);
INSERT INTO tfactura_producto (tfactura_idfactura, tproducto_idproducto, cantidadpro, preciopro) VALUES (37, 2, 30000.00, 3.33);
INSERT INTO tfactura_producto (tfactura_idfactura, tproducto_idproducto, cantidadpro, preciopro) VALUES (38, 2, 20000.00, 3.33);
INSERT INTO tfactura_producto (tfactura_idfactura, tproducto_idproducto, cantidadpro, preciopro) VALUES (39, 1, 300000.00, 3.33);
INSERT INTO tfactura_producto (tfactura_idfactura, tproducto_idproducto, cantidadpro, preciopro) VALUES (40, 1, 30000.00, 3.33);
INSERT INTO tfactura_producto (tfactura_idfactura, tproducto_idproducto, cantidadpro, preciopro) VALUES (41, 1, 30000.00, 3.33);
INSERT INTO tfactura_producto (tfactura_idfactura, tproducto_idproducto, cantidadpro, preciopro) VALUES (42, 1, 30000.00, 3.33);
INSERT INTO tfactura_producto (tfactura_idfactura, tproducto_idproducto, cantidadpro, preciopro) VALUES (43, 1, 33333.00, 3.33);
INSERT INTO tfactura_producto (tfactura_idfactura, tproducto_idproducto, cantidadpro, preciopro) VALUES (44, 11, 20000.00, 3.33);
INSERT INTO tfactura_producto (tfactura_idfactura, tproducto_idproducto, cantidadpro, preciopro) VALUES (3, 1, 28000.00, 3.33);
INSERT INTO tfactura_producto (tfactura_idfactura, tproducto_idproducto, cantidadpro, preciopro) VALUES (2, 1, 30000.00, 3.33);
INSERT INTO tfactura_producto (tfactura_idfactura, tproducto_idproducto, cantidadpro, preciopro) VALUES (45, 11, 30000.00, 3.33);
INSERT INTO tfactura_producto (tfactura_idfactura, tproducto_idproducto, cantidadpro, preciopro) VALUES (46, 11, 39999.00, 3.33);


--
-- TOC entry 2202 (class 0 OID 45340)
-- Dependencies: 195 2225
-- Data for Name: tgoogle_users; Type: TABLE DATA; Schema: public; Owner: nayibeya
--

INSERT INTO tgoogle_users (google_id, google_name, google_email, google_link, google_picture_link) VALUES (103385249163374135317, 'Javier Antonio Martín Lobo', 'recupera.javier@gmail.com', 'https://plus.google.com/103385249163374135317', 'https://lh3.googleusercontent.com/-8-CzXEPPaWo/AAAAAAAAAAI/AAAAAAAAAXU/BefStzoyjfo/photo.jpg');


--
-- TOC entry 2203 (class 0 OID 45343)
-- Dependencies: 196 2225
-- Data for Name: tmantenimiento; Type: TABLE DATA; Schema: public; Owner: nayibeya
--



--
-- TOC entry 2204 (class 0 OID 45347)
-- Dependencies: 197 2225
-- Data for Name: tmarca; Type: TABLE DATA; Schema: public; Owner: nayibeya
--

INSERT INTO tmarca (idmarca, descripcionmar, observacionmar, estatusmar, tipomar) VALUES (2, 'FABRICACION NACIONAL', '', '1', '0');
INSERT INTO tmarca (idmarca, descripcionmar, observacionmar, estatusmar, tipomar) VALUES (4, 'CARROCERIA VENEZUELA', '', '1', '0');
INSERT INTO tmarca (idmarca, descripcionmar, observacionmar, estatusmar, tipomar) VALUES (1, 'KENWORTH', '', '1', '1');
INSERT INTO tmarca (idmarca, descripcionmar, observacionmar, estatusmar, tipomar) VALUES (3, 'CHEVROLET', '', '1', '1');


--
-- TOC entry 2205 (class 0 OID 45354)
-- Dependencies: 198 2225
-- Data for Name: tmodelo; Type: TABLE DATA; Schema: public; Owner: nayibeya
--

INSERT INTO tmodelo (idmodelo, descripcionmod, tmarca_idmarca, observacionmod, estatusmod) VALUES (2, 'GERLAP', 2, '', '1');
INSERT INTO tmodelo (idmodelo, descripcionmod, tmarca_idmarca, observacionmod, estatusmod) VALUES (1, '1979', 1, '', '1');
INSERT INTO tmodelo (idmodelo, descripcionmod, tmarca_idmarca, observacionmod, estatusmod) VALUES (3, 'KODIAK', 3, '', '1');
INSERT INTO tmodelo (idmodelo, descripcionmod, tmarca_idmarca, observacionmod, estatusmod) VALUES (4, 'FABRICACIÓN NACIONAL', 4, '', '1');


--
-- TOC entry 2206 (class 0 OID 45361)
-- Dependencies: 199 2225
-- Data for Name: tmodulo; Type: TABLE DATA; Schema: public; Owner: nayibeya
--

INSERT INTO tmodulo (idmodulo, nombremod, estatusmod, icono, "case") VALUES (1, 'Seguridad', '1', 'lock', 'seguridad');
INSERT INTO tmodulo (idmodulo, nombremod, estatusmod, icono, "case") VALUES (3, 'Producto', '1', 'shopping-cart', 'producto');
INSERT INTO tmodulo (idmodulo, nombremod, estatusmod, icono, "case") VALUES (4, 'Chofer', '1', 'qq', 'chofer');
INSERT INTO tmodulo (idmodulo, nombremod, estatusmod, icono, "case") VALUES (5, 'Precinto', '1', 'tags', 'precinto');
INSERT INTO tmodulo (idmodulo, nombremod, estatusmod, icono, "case") VALUES (7, 'Cliente', '1', 'suitcase', 'cliente');
INSERT INTO tmodulo (idmodulo, nombremod, estatusmod, icono, "case") VALUES (8, 'Vehiculo', '1', 'truck', 'vehiculo');
INSERT INTO tmodulo (idmodulo, nombremod, estatusmod, icono, "case") VALUES (9, 'Factura', '1', 'file-text-o', 'factura');
INSERT INTO tmodulo (idmodulo, nombremod, estatusmod, icono, "case") VALUES (2, 'Configuración', '1', 'cogs', 'configuracion');


--
-- TOC entry 2207 (class 0 OID 45366)
-- Dependencies: 200 2225
-- Data for Name: tmodulo_trol; Type: TABLE DATA; Schema: public; Owner: nayibeya
--

INSERT INTO tmodulo_trol (idmodulo, idrol, orden) VALUES (1, 1, 7);
INSERT INTO tmodulo_trol (idmodulo, idrol, orden) VALUES (2, 1, 8);
INSERT INTO tmodulo_trol (idmodulo, idrol, orden) VALUES (3, 1, 2);
INSERT INTO tmodulo_trol (idmodulo, idrol, orden) VALUES (4, 1, 2);
INSERT INTO tmodulo_trol (idmodulo, idrol, orden) VALUES (5, 1, 5);
INSERT INTO tmodulo_trol (idmodulo, idrol, orden) VALUES (7, 1, 6);
INSERT INTO tmodulo_trol (idmodulo, idrol, orden) VALUES (8, 1, 4);
INSERT INTO tmodulo_trol (idmodulo, idrol, orden) VALUES (9, 1, 1);
INSERT INTO tmodulo_trol (idmodulo, idrol, orden) VALUES (1, 2, 8);
INSERT INTO tmodulo_trol (idmodulo, idrol, orden) VALUES (3, 2, 2);
INSERT INTO tmodulo_trol (idmodulo, idrol, orden) VALUES (4, 2, 6);
INSERT INTO tmodulo_trol (idmodulo, idrol, orden) VALUES (5, 2, 5);
INSERT INTO tmodulo_trol (idmodulo, idrol, orden) VALUES (7, 2, 3);
INSERT INTO tmodulo_trol (idmodulo, idrol, orden) VALUES (8, 2, 4);
INSERT INTO tmodulo_trol (idmodulo, idrol, orden) VALUES (9, 2, 1);
INSERT INTO tmodulo_trol (idmodulo, idrol, orden) VALUES (2, 2, 7);


--
-- TOC entry 2208 (class 0 OID 45369)
-- Dependencies: 201 2225
-- Data for Name: tprecinto; Type: TABLE DATA; Schema: public; Owner: nayibeya
--

INSERT INTO tprecinto (idprecinto, idcodigopre, tfactura_idfactura, observacionpre, estatuspre, grupopre) VALUES (117, '234135    ', NULL, '', '1', '234135    ');
INSERT INTO tprecinto (idprecinto, idcodigopre, tfactura_idfactura, observacionpre, estatuspre, grupopre) VALUES (118, '23456     ', NULL, '', '1', '234135    ');
INSERT INTO tprecinto (idprecinto, idcodigopre, tfactura_idfactura, observacionpre, estatuspre, grupopre) VALUES (119, '34563     ', NULL, '', '1', '234135    ');
INSERT INTO tprecinto (idprecinto, idcodigopre, tfactura_idfactura, observacionpre, estatuspre, grupopre) VALUES (120, '12356     ', NULL, '', '1', '12356     ');
INSERT INTO tprecinto (idprecinto, idcodigopre, tfactura_idfactura, observacionpre, estatuspre, grupopre) VALUES (121, '1234      ', NULL, '', '1', '12356     ');
INSERT INTO tprecinto (idprecinto, idcodigopre, tfactura_idfactura, observacionpre, estatuspre, grupopre) VALUES (115, '12345     ', 46, '', '2', '12345     ');
INSERT INTO tprecinto (idprecinto, idcodigopre, tfactura_idfactura, observacionpre, estatuspre, grupopre) VALUES (116, '12346     ', 46, '', '2', '12345     ');
INSERT INTO tprecinto (idprecinto, idcodigopre, tfactura_idfactura, observacionpre, estatuspre, grupopre) VALUES (125, '2345      ', 46, '', '2', '234523    ');
INSERT INTO tprecinto (idprecinto, idcodigopre, tfactura_idfactura, observacionpre, estatuspre, grupopre) VALUES (122, '234523    ', 46, '', '2', '234523    ');
INSERT INTO tprecinto (idprecinto, idcodigopre, tfactura_idfactura, observacionpre, estatuspre, grupopre) VALUES (124, '23452345  ', 46, '', '2', '234523    ');
INSERT INTO tprecinto (idprecinto, idcodigopre, tfactura_idfactura, observacionpre, estatuspre, grupopre) VALUES (123, '34566     ', 46, '', '2', '234523    ');


--
-- TOC entry 2209 (class 0 OID 45373)
-- Dependencies: 202 2225
-- Data for Name: tpregunta; Type: TABLE DATA; Schema: public; Owner: nayibeya
--



--
-- TOC entry 2210 (class 0 OID 45377)
-- Dependencies: 203 2225
-- Data for Name: tproducto; Type: TABLE DATA; Schema: public; Owner: nayibeya
--

INSERT INTO tproducto (idproducto, idcodigopro, descripcioncortapro, descripcionlargapro, unidadmedidapro, preciounitariopro, existenciapro, ttipo_producto_idtipo_producto, observacionpro, estatuspro, preciocomprapro) VALUES (1, 'PR0001    ', 'ACEITES DE CORTES', 'ACEITES DE CORTES', 'kg  ', 3.33, 30000.00, 1, '', '1', NULL);
INSERT INTO tproducto (idproducto, idcodigopro, descripcioncortapro, descripcionlargapro, unidadmedidapro, preciounitariopro, existenciapro, ttipo_producto_idtipo_producto, observacionpro, estatuspro, preciocomprapro) VALUES (2, 'PR0002    ', 'PERFOR 4', 'ADITIVO DE FLUIDOS DE PERFORACIÓN PETROLERA', 'kg  ', 3.33, 0.00, 18, '', '1', NULL);
INSERT INTO tproducto (idproducto, idcodigopro, descripcioncortapro, descripcionlargapro, unidadmedidapro, preciounitariopro, existenciapro, ttipo_producto_idtipo_producto, observacionpro, estatuspro, preciocomprapro) VALUES (11, 'PR0003    ', 'CROPOX', 'CROPOXIDOR', 'kg  ', 3.33, 0.00, 1, '', '1', 2.22);


--
-- TOC entry 2211 (class 0 OID 45384)
-- Dependencies: 204 2225
-- Data for Name: tproducto_documento; Type: TABLE DATA; Schema: public; Owner: nayibeya
--

INSERT INTO tproducto_documento (tproducto_idproducto, tdocumento_iddocumento, fechaemisiondoc, fechavencimientodoc, directoriodoc, estatusdoc) VALUES (11, 4, '2015-01-01', '2015-12-31', 'CROPOX_4_2c0a019f-1a23-4c51-8661-c6cab9e46507.jpg', '1');


--
-- TOC entry 2212 (class 0 OID 45387)
-- Dependencies: 205 2225
-- Data for Name: tproveedor; Type: TABLE DATA; Schema: public; Owner: nayibeya
--



--
-- TOC entry 2213 (class 0 OID 45394)
-- Dependencies: 206 2225
-- Data for Name: trol; Type: TABLE DATA; Schema: public; Owner: nayibeya
--

INSERT INTO trol (idrol, nombrerol, estatusrol) VALUES (1, 'Adminsitrador', '1');
INSERT INTO trol (idrol, nombrerol, estatusrol) VALUES (2, 'Operador', '1');


--
-- TOC entry 2214 (class 0 OID 45399)
-- Dependencies: 207 2225
-- Data for Name: tservicio; Type: TABLE DATA; Schema: public; Owner: nayibeya
--

INSERT INTO tservicio (idservicio, nombreser, enlaceser, visibleser, estatusser, idmodulo) VALUES (1, 'Rol', '?modulo=seguridad/rol', '1', '1', 1);
INSERT INTO tservicio (idservicio, nombreser, enlaceser, visibleser, estatusser, idmodulo) VALUES (2, 'Registrar Rol', '?modulo=seguridad/registrar_rol', '0', '1', 1);
INSERT INTO tservicio (idservicio, nombreser, enlaceser, visibleser, estatusser, idmodulo) VALUES (3, 'Consultar Rol', '?modulo=seguridad/consultar_rol', '0', '1', 1);
INSERT INTO tservicio (idservicio, nombreser, enlaceser, visibleser, estatusser, idmodulo) VALUES (4, 'Desactivar Rol', '?modulo=seguridad/eliminar_rol', '0', '1', 1);
INSERT INTO tservicio (idservicio, nombreser, enlaceser, visibleser, estatusser, idmodulo) VALUES (41, 'Consultar Modelo', '?modulo=vehiculo/consultar_modelo', '0', '1', 8);
INSERT INTO tservicio (idservicio, nombreser, enlaceser, visibleser, estatusser, idmodulo) VALUES (7, 'Registrar servicio', '?modulo=seguridad/registrar_servicio', '', '1', 1);
INSERT INTO tservicio (idservicio, nombreser, enlaceser, visibleser, estatusser, idmodulo) VALUES (8, 'Servicio', '?modulo=seguridad/servicio', '1', '1', 1);
INSERT INTO tservicio (idservicio, nombreser, enlaceser, visibleser, estatusser, idmodulo) VALUES (9, 'Consultar servicio', '?modulo=seguridad/consultar_servicio', '', '1', 1);
INSERT INTO tservicio (idservicio, nombreser, enlaceser, visibleser, estatusser, idmodulo) VALUES (10, 'Eliminar Servicio', '?modulo=seguridad/eliminar_servicio', '', '1', 1);
INSERT INTO tservicio (idservicio, nombreser, enlaceser, visibleser, estatusser, idmodulo) VALUES (40, 'Registrar Modelo', '?modulo=vehiculo/registrar_modelo', '0', '1', 8);
INSERT INTO tservicio (idservicio, nombreser, enlaceser, visibleser, estatusser, idmodulo) VALUES (39, 'Modelo', '?modulo=vehiculo/modelo', '1', '1', 8);
INSERT INTO tservicio (idservicio, nombreser, enlaceser, visibleser, estatusser, idmodulo) VALUES (38, 'Eliminar Marca', '?modulo=vehiculo/eliminar_marca', '0', '1', 8);
INSERT INTO tservicio (idservicio, nombreser, enlaceser, visibleser, estatusser, idmodulo) VALUES (37, 'Consultar Marca', '?modulo=vehiculo/consultar_marca', '0', '1', 8);
INSERT INTO tservicio (idservicio, nombreser, enlaceser, visibleser, estatusser, idmodulo) VALUES (36, 'Registrar Marca', '?modulo=vehiculo/registrar_marca', '0', '1', 8);
INSERT INTO tservicio (idservicio, nombreser, enlaceser, visibleser, estatusser, idmodulo) VALUES (35, 'Marca', '?modulo=vehiculo/marca', '1', '1', 8);
INSERT INTO tservicio (idservicio, nombreser, enlaceser, visibleser, estatusser, idmodulo) VALUES (43, 'Accesorio', '?modulo=vehiculo/accesorio', '1', '1', 8);
INSERT INTO tservicio (idservicio, nombreser, enlaceser, visibleser, estatusser, idmodulo) VALUES (44, 'Registrar accesorio', '?modulo=vehiculo/registrar_accesorio', '0', '1', 8);
INSERT INTO tservicio (idservicio, nombreser, enlaceser, visibleser, estatusser, idmodulo) VALUES (45, 'Consultar Accesorio', '?modulo=vehiculo/consultar_accesorio', '0', '1', 8);
INSERT INTO tservicio (idservicio, nombreser, enlaceser, visibleser, estatusser, idmodulo) VALUES (46, 'Eliminar Accesorio', '?modulo=vehiculo/eliminar_accesorio', '0', '1', 8);
INSERT INTO tservicio (idservicio, nombreser, enlaceser, visibleser, estatusser, idmodulo) VALUES (51, 'Factura', '?modulo=factura/factura', '1', '1', 9);
INSERT INTO tservicio (idservicio, nombreser, enlaceser, visibleser, estatusser, idmodulo) VALUES (52, 'Registrar Factura', '?modulo=factura/registrar_factura', '0', '1', 9);
INSERT INTO tservicio (idservicio, nombreser, enlaceser, visibleser, estatusser, idmodulo) VALUES (53, 'Consultar factura', '?modulo=factura/consultar_factura', '0', '1', 9);
INSERT INTO tservicio (idservicio, nombreser, enlaceser, visibleser, estatusser, idmodulo) VALUES (54, 'Eliminar Factura', '?modulo=factura/eliminar_factura', '0', '1', 9);
INSERT INTO tservicio (idservicio, nombreser, enlaceser, visibleser, estatusser, idmodulo) VALUES (12, 'Registrar producto', '?modulo=producto/registrar_producto', '', '1', 3);
INSERT INTO tservicio (idservicio, nombreser, enlaceser, visibleser, estatusser, idmodulo) VALUES (5, 'Asignar módulos/servicios', '?modulo=seguridad/asignacion', '1', '1', 1);
INSERT INTO tservicio (idservicio, nombreser, enlaceser, visibleser, estatusser, idmodulo) VALUES (11, 'Producto', '?modulo=producto/producto', '1', '1', 3);
INSERT INTO tservicio (idservicio, nombreser, enlaceser, visibleser, estatusser, idmodulo) VALUES (14, 'Eliminar Producto', '?modulo=producto/eliminar_producto', '0', '1', 3);
INSERT INTO tservicio (idservicio, nombreser, enlaceser, visibleser, estatusser, idmodulo) VALUES (13, 'Consultar Producto', '?modulo=producto/consultar_producto', '0', '1', 3);
INSERT INTO tservicio (idservicio, nombreser, enlaceser, visibleser, estatusser, idmodulo) VALUES (15, 'Tipo de Producto', '?modulo=producto/tipo_producto', '1', '1', 3);
INSERT INTO tservicio (idservicio, nombreser, enlaceser, visibleser, estatusser, idmodulo) VALUES (16, 'Registrar Tipo de Producto', '?modulo=producto/registrar_tipo_producto', '0', '1', 3);
INSERT INTO tservicio (idservicio, nombreser, enlaceser, visibleser, estatusser, idmodulo) VALUES (17, 'Consultar tipo de producto', '?modulo=producto/consultar_tipo_producto', '0', '1', 3);
INSERT INTO tservicio (idservicio, nombreser, enlaceser, visibleser, estatusser, idmodulo) VALUES (18, 'Eliminar Tipo de producto', '?modulo=producto/eliminar_tipo_producto', '0', '1', 3);
INSERT INTO tservicio (idservicio, nombreser, enlaceser, visibleser, estatusser, idmodulo) VALUES (19, 'Chofer', '?modulo=chofer/chofer', '1', '1', 4);
INSERT INTO tservicio (idservicio, nombreser, enlaceser, visibleser, estatusser, idmodulo) VALUES (22, 'Eliminar Chofer', '?modulo=chofer/eliminar_chofer', '0', '1', 4);
INSERT INTO tservicio (idservicio, nombreser, enlaceser, visibleser, estatusser, idmodulo) VALUES (21, 'Consultar Chofer', '?modulo=chofer/consultar_chofer', '0', '1', 4);
INSERT INTO tservicio (idservicio, nombreser, enlaceser, visibleser, estatusser, idmodulo) VALUES (20, 'Registrar Chofer', '?modulo=chofer/registrar_chofer', '0', '1', 4);
INSERT INTO tservicio (idservicio, nombreser, enlaceser, visibleser, estatusser, idmodulo) VALUES (23, 'Precinto', '?modulo=precinto/precinto', '1', '1', 5);
INSERT INTO tservicio (idservicio, nombreser, enlaceser, visibleser, estatusser, idmodulo) VALUES (24, 'Registrar Precinto', '?modulo=precinto/registrar_precinto', '0', '1', 5);
INSERT INTO tservicio (idservicio, nombreser, enlaceser, visibleser, estatusser, idmodulo) VALUES (25, 'Consultar Precinto', '?modulo=precinto/consultar_precinto', '0', '1', 5);
INSERT INTO tservicio (idservicio, nombreser, enlaceser, visibleser, estatusser, idmodulo) VALUES (26, 'Eliminar Precinto', '?modulo=precinto/eliminar_precinto', '0', '1', 5);
INSERT INTO tservicio (idservicio, nombreser, enlaceser, visibleser, estatusser, idmodulo) VALUES (27, 'Cliente', '?modulo=cliente/cliente', '1', '1', 7);
INSERT INTO tservicio (idservicio, nombreser, enlaceser, visibleser, estatusser, idmodulo) VALUES (28, 'Registrar Cliente', '?modulo=cliente/registrar_cliente', '0', '1', 7);
INSERT INTO tservicio (idservicio, nombreser, enlaceser, visibleser, estatusser, idmodulo) VALUES (29, 'Consultar cliente', '?modulo=cliente/consultar_cliente', '0', '1', 7);
INSERT INTO tservicio (idservicio, nombreser, enlaceser, visibleser, estatusser, idmodulo) VALUES (30, 'Eliminar Cliente', '?modulo=cliente/eliminar_cliente', '0', '1', 7);
INSERT INTO tservicio (idservicio, nombreser, enlaceser, visibleser, estatusser, idmodulo) VALUES (32, 'Registrar Vehiculo', '?modulo=vehiculo/registrar_vehiculo', '0', '1', 8);
INSERT INTO tservicio (idservicio, nombreser, enlaceser, visibleser, estatusser, idmodulo) VALUES (33, 'Consultar Vehículo', '?modulo=vehiculo/consultar_vehiculo', '0', '1', 8);
INSERT INTO tservicio (idservicio, nombreser, enlaceser, visibleser, estatusser, idmodulo) VALUES (31, 'Vehículo', '?modulo=vehiculo/vehiculo', '1', '1', 8);
INSERT INTO tservicio (idservicio, nombreser, enlaceser, visibleser, estatusser, idmodulo) VALUES (34, 'Eliminar Vehículo', '?modulo=vehiculo/eliminar_vehiculo', '0', '1', 8);
INSERT INTO tservicio (idservicio, nombreser, enlaceser, visibleser, estatusser, idmodulo) VALUES (42, 'Eliminar Modelo', '?modulo=vehiculo/eliminar_modelo', '0', '1', 8);
INSERT INTO tservicio (idservicio, nombreser, enlaceser, visibleser, estatusser, idmodulo) VALUES (47, 'Documento', '?modulo=configuracion/documento', '1', '1', 2);
INSERT INTO tservicio (idservicio, nombreser, enlaceser, visibleser, estatusser, idmodulo) VALUES (48, 'Registrar Documento', '?modulo=configuracion/registrar_documento', '0', '1', 2);
INSERT INTO tservicio (idservicio, nombreser, enlaceser, visibleser, estatusser, idmodulo) VALUES (49, 'Consultar Documento', '?modulo=configuracion/consultar_documento', '0', '1', 2);
INSERT INTO tservicio (idservicio, nombreser, enlaceser, visibleser, estatusser, idmodulo) VALUES (50, 'Eliminar Documento', '?modulo=configuracion/eliminar_documento', '0', '1', 2);
INSERT INTO tservicio (idservicio, nombreser, enlaceser, visibleser, estatusser, idmodulo) VALUES (55, 'Usuario', '?modulo=seguridad/usuario', '1', '1', 1);
INSERT INTO tservicio (idservicio, nombreser, enlaceser, visibleser, estatusser, idmodulo) VALUES (56, 'Registrar Usuario', '?modulo=seguridad/registrar_usuario', '0', '1', 1);
INSERT INTO tservicio (idservicio, nombreser, enlaceser, visibleser, estatusser, idmodulo) VALUES (57, 'Consultar Usuario', '?modulo=seguridad/consultar_usuario', '0', '1', 1);
INSERT INTO tservicio (idservicio, nombreser, enlaceser, visibleser, estatusser, idmodulo) VALUES (58, 'Eliminar Usuario', '?modulo=seguridad/eliminar_usuario', '0', '1', 1);
INSERT INTO tservicio (idservicio, nombreser, enlaceser, visibleser, estatusser, idmodulo) VALUES (59, 'Configuración', '?modulo=configuracion/configuracion', '1', '1', 2);


--
-- TOC entry 2215 (class 0 OID 45408)
-- Dependencies: 208 2225
-- Data for Name: tservicio_mantenimiento; Type: TABLE DATA; Schema: public; Owner: nayibeya
--



--
-- TOC entry 2216 (class 0 OID 45415)
-- Dependencies: 209 2225
-- Data for Name: tservicio_proveedor; Type: TABLE DATA; Schema: public; Owner: nayibeya
--



--
-- TOC entry 2217 (class 0 OID 45418)
-- Dependencies: 210 2225
-- Data for Name: tservicio_trol; Type: TABLE DATA; Schema: public; Owner: nayibeya
--

INSERT INTO tservicio_trol (idservicio, idrol, orden) VALUES (55, 2, 0);
INSERT INTO tservicio_trol (idservicio, idrol, orden) VALUES (58, 2, 0);
INSERT INTO tservicio_trol (idservicio, idrol, orden) VALUES (56, 2, 0);
INSERT INTO tservicio_trol (idservicio, idrol, orden) VALUES (57, 2, 0);
INSERT INTO tservicio_trol (idservicio, idrol, orden) VALUES (11, 2, 1);
INSERT INTO tservicio_trol (idservicio, idrol, orden) VALUES (15, 2, 2);
INSERT INTO tservicio_trol (idservicio, idrol, orden) VALUES (13, 2, 0);
INSERT INTO tservicio_trol (idservicio, idrol, orden) VALUES (16, 2, 0);
INSERT INTO tservicio_trol (idservicio, idrol, orden) VALUES (17, 2, 0);
INSERT INTO tservicio_trol (idservicio, idrol, orden) VALUES (18, 2, 0);
INSERT INTO tservicio_trol (idservicio, idrol, orden) VALUES (14, 2, 0);
INSERT INTO tservicio_trol (idservicio, idrol, orden) VALUES (12, 2, 0);
INSERT INTO tservicio_trol (idservicio, idrol, orden) VALUES (19, 2, 1);
INSERT INTO tservicio_trol (idservicio, idrol, orden) VALUES (22, 2, 0);
INSERT INTO tservicio_trol (idservicio, idrol, orden) VALUES (21, 2, 0);
INSERT INTO tservicio_trol (idservicio, idrol, orden) VALUES (20, 2, 0);
INSERT INTO tservicio_trol (idservicio, idrol, orden) VALUES (23, 2, 1);
INSERT INTO tservicio_trol (idservicio, idrol, orden) VALUES (24, 2, 0);
INSERT INTO tservicio_trol (idservicio, idrol, orden) VALUES (25, 2, 0);
INSERT INTO tservicio_trol (idservicio, idrol, orden) VALUES (26, 2, 0);
INSERT INTO tservicio_trol (idservicio, idrol, orden) VALUES (27, 2, 1);
INSERT INTO tservicio_trol (idservicio, idrol, orden) VALUES (28, 2, 0);
INSERT INTO tservicio_trol (idservicio, idrol, orden) VALUES (29, 2, 0);
INSERT INTO tservicio_trol (idservicio, idrol, orden) VALUES (30, 2, 0);
INSERT INTO tservicio_trol (idservicio, idrol, orden) VALUES (35, 2, 3);
INSERT INTO tservicio_trol (idservicio, idrol, orden) VALUES (31, 2, 1);
INSERT INTO tservicio_trol (idservicio, idrol, orden) VALUES (43, 2, 2);
INSERT INTO tservicio_trol (idservicio, idrol, orden) VALUES (36, 2, 0);
INSERT INTO tservicio_trol (idservicio, idrol, orden) VALUES (44, 2, 0);
INSERT INTO tservicio_trol (idservicio, idrol, orden) VALUES (45, 2, 0);
INSERT INTO tservicio_trol (idservicio, idrol, orden) VALUES (46, 2, 0);
INSERT INTO tservicio_trol (idservicio, idrol, orden) VALUES (32, 2, 0);
INSERT INTO tservicio_trol (idservicio, idrol, orden) VALUES (33, 2, 0);
INSERT INTO tservicio_trol (idservicio, idrol, orden) VALUES (34, 2, 0);
INSERT INTO tservicio_trol (idservicio, idrol, orden) VALUES (41, 2, 0);
INSERT INTO tservicio_trol (idservicio, idrol, orden) VALUES (42, 2, 0);
INSERT INTO tservicio_trol (idservicio, idrol, orden) VALUES (40, 2, 0);
INSERT INTO tservicio_trol (idservicio, idrol, orden) VALUES (38, 2, 0);
INSERT INTO tservicio_trol (idservicio, idrol, orden) VALUES (37, 2, 0);
INSERT INTO tservicio_trol (idservicio, idrol, orden) VALUES (51, 2, 1);
INSERT INTO tservicio_trol (idservicio, idrol, orden) VALUES (52, 2, 0);
INSERT INTO tservicio_trol (idservicio, idrol, orden) VALUES (53, 2, 0);
INSERT INTO tservicio_trol (idservicio, idrol, orden) VALUES (54, 2, 0);
INSERT INTO tservicio_trol (idservicio, idrol, orden) VALUES (47, 2, 1);
INSERT INTO tservicio_trol (idservicio, idrol, orden) VALUES (48, 2, 0);
INSERT INTO tservicio_trol (idservicio, idrol, orden) VALUES (49, 2, 0);
INSERT INTO tservicio_trol (idservicio, idrol, orden) VALUES (50, 2, 0);
INSERT INTO tservicio_trol (idservicio, idrol, orden) VALUES (1, 1, 1);
INSERT INTO tservicio_trol (idservicio, idrol, orden) VALUES (8, 1, 2);
INSERT INTO tservicio_trol (idservicio, idrol, orden) VALUES (55, 1, 4);
INSERT INTO tservicio_trol (idservicio, idrol, orden) VALUES (5, 1, 3);
INSERT INTO tservicio_trol (idservicio, idrol, orden) VALUES (58, 1, 0);
INSERT INTO tservicio_trol (idservicio, idrol, orden) VALUES (2, 1, 0);
INSERT INTO tservicio_trol (idservicio, idrol, orden) VALUES (3, 1, 0);
INSERT INTO tservicio_trol (idservicio, idrol, orden) VALUES (4, 1, 0);
INSERT INTO tservicio_trol (idservicio, idrol, orden) VALUES (56, 1, 0);
INSERT INTO tservicio_trol (idservicio, idrol, orden) VALUES (57, 1, 0);
INSERT INTO tservicio_trol (idservicio, idrol, orden) VALUES (7, 1, 0);
INSERT INTO tservicio_trol (idservicio, idrol, orden) VALUES (10, 1, 0);
INSERT INTO tservicio_trol (idservicio, idrol, orden) VALUES (9, 1, 0);
INSERT INTO tservicio_trol (idservicio, idrol, orden) VALUES (11, 1, 1);
INSERT INTO tservicio_trol (idservicio, idrol, orden) VALUES (15, 1, 2);
INSERT INTO tservicio_trol (idservicio, idrol, orden) VALUES (13, 1, 0);
INSERT INTO tservicio_trol (idservicio, idrol, orden) VALUES (16, 1, 0);
INSERT INTO tservicio_trol (idservicio, idrol, orden) VALUES (17, 1, 0);
INSERT INTO tservicio_trol (idservicio, idrol, orden) VALUES (18, 1, 0);
INSERT INTO tservicio_trol (idservicio, idrol, orden) VALUES (14, 1, 0);
INSERT INTO tservicio_trol (idservicio, idrol, orden) VALUES (12, 1, 0);
INSERT INTO tservicio_trol (idservicio, idrol, orden) VALUES (19, 1, 1);
INSERT INTO tservicio_trol (idservicio, idrol, orden) VALUES (22, 1, 0);
INSERT INTO tservicio_trol (idservicio, idrol, orden) VALUES (21, 1, 0);
INSERT INTO tservicio_trol (idservicio, idrol, orden) VALUES (20, 1, 0);
INSERT INTO tservicio_trol (idservicio, idrol, orden) VALUES (23, 1, 1);
INSERT INTO tservicio_trol (idservicio, idrol, orden) VALUES (24, 1, 0);
INSERT INTO tservicio_trol (idservicio, idrol, orden) VALUES (25, 1, 0);
INSERT INTO tservicio_trol (idservicio, idrol, orden) VALUES (26, 1, 0);
INSERT INTO tservicio_trol (idservicio, idrol, orden) VALUES (27, 1, 1);
INSERT INTO tservicio_trol (idservicio, idrol, orden) VALUES (28, 1, 0);
INSERT INTO tservicio_trol (idservicio, idrol, orden) VALUES (29, 1, 0);
INSERT INTO tservicio_trol (idservicio, idrol, orden) VALUES (30, 1, 0);
INSERT INTO tservicio_trol (idservicio, idrol, orden) VALUES (35, 1, 4);
INSERT INTO tservicio_trol (idservicio, idrol, orden) VALUES (31, 1, 1);
INSERT INTO tservicio_trol (idservicio, idrol, orden) VALUES (43, 1, 2);
INSERT INTO tservicio_trol (idservicio, idrol, orden) VALUES (39, 1, 3);
INSERT INTO tservicio_trol (idservicio, idrol, orden) VALUES (36, 1, 0);
INSERT INTO tservicio_trol (idservicio, idrol, orden) VALUES (44, 1, 0);
INSERT INTO tservicio_trol (idservicio, idrol, orden) VALUES (45, 1, 0);
INSERT INTO tservicio_trol (idservicio, idrol, orden) VALUES (46, 1, 0);
INSERT INTO tservicio_trol (idservicio, idrol, orden) VALUES (32, 1, 0);
INSERT INTO tservicio_trol (idservicio, idrol, orden) VALUES (33, 1, 0);
INSERT INTO tservicio_trol (idservicio, idrol, orden) VALUES (34, 1, 0);
INSERT INTO tservicio_trol (idservicio, idrol, orden) VALUES (41, 1, 0);
INSERT INTO tservicio_trol (idservicio, idrol, orden) VALUES (42, 1, 0);
INSERT INTO tservicio_trol (idservicio, idrol, orden) VALUES (40, 1, 0);
INSERT INTO tservicio_trol (idservicio, idrol, orden) VALUES (38, 1, 0);
INSERT INTO tservicio_trol (idservicio, idrol, orden) VALUES (37, 1, 0);
INSERT INTO tservicio_trol (idservicio, idrol, orden) VALUES (51, 1, 1);
INSERT INTO tservicio_trol (idservicio, idrol, orden) VALUES (52, 1, 0);
INSERT INTO tservicio_trol (idservicio, idrol, orden) VALUES (53, 1, 0);
INSERT INTO tservicio_trol (idservicio, idrol, orden) VALUES (54, 1, 0);
INSERT INTO tservicio_trol (idservicio, idrol, orden) VALUES (47, 1, 2);
INSERT INTO tservicio_trol (idservicio, idrol, orden) VALUES (59, 1, 1);
INSERT INTO tservicio_trol (idservicio, idrol, orden) VALUES (48, 1, 0);
INSERT INTO tservicio_trol (idservicio, idrol, orden) VALUES (49, 1, 0);
INSERT INTO tservicio_trol (idservicio, idrol, orden) VALUES (50, 1, 0);


--
-- TOC entry 2257 (class 0 OID 0)
-- Dependencies: 211
-- Name: tservicio_trol_idservicio_seq; Type: SEQUENCE SET; Schema: public; Owner: nayibeya
--

SELECT pg_catalog.setval('tservicio_trol_idservicio_seq', 1, false);


--
-- TOC entry 2219 (class 0 OID 45423)
-- Dependencies: 212 2225
-- Data for Name: tsistema; Type: TABLE DATA; Schema: public; Owner: nayibeya
--

INSERT INTO tsistema (idconfiguracion, introducion, mision, vision, historia, objetivos, direccion, nropreguntas, clavepredeterminada, nrointentos, tiempocaducida, tiempoconexion, tiempolapso) VALUES (1, NULL, NULL, NULL, NULL, NULL, NULL, '2', '12345678', '3', '60', 30, NULL);


--
-- TOC entry 2220 (class 0 OID 45434)
-- Dependencies: 213 2225
-- Data for Name: ttipo_producto; Type: TABLE DATA; Schema: public; Owner: nayibeya
--

INSERT INTO ttipo_producto (idtipo_producto, descripciontip, observaciontip, estatustip) VALUES (1, 'DESENGRASANTE', '', '1');
INSERT INTO ttipo_producto (idtipo_producto, descripciontip, observaciontip, estatustip) VALUES (18, 'QUIMICOS', 'QUIMICOS', '1');
INSERT INTO ttipo_producto (idtipo_producto, descripciontip, observaciontip, estatustip) VALUES (19, 'DESPERDICIOS', 'DESPERDICIOS', '1');
INSERT INTO ttipo_producto (idtipo_producto, descripciontip, observaciontip, estatustip) VALUES (20, 'MISELANEOS', 'MISELANEOS', '1');
INSERT INTO ttipo_producto (idtipo_producto, descripciontip, observaciontip, estatustip) VALUES (21, 'VARIOS', 'VARIOS', '1');
INSERT INTO ttipo_producto (idtipo_producto, descripciontip, observaciontip, estatustip) VALUES (17, 'RESIDUOS', 'RESIDUOS DE EXPLORACIÓN PETROLERA', '1');
INSERT INTO ttipo_producto (idtipo_producto, descripciontip, observaciontip, estatustip) VALUES (22, 'Productos de limpieza', '', '1');
INSERT INTO ttipo_producto (idtipo_producto, descripciontip, observaciontip, estatustip) VALUES (23, 'RESIDUOS MINERALES', '', '1');


--
-- TOC entry 2221 (class 0 OID 45441)
-- Dependencies: 214 2225
-- Data for Name: tusuario; Type: TABLE DATA; Schema: public; Owner: nayibeya
--

INSERT INTO tusuario (idusuario, nombreusu, emailusu, estatususu, ultima_actividadusu, trol_idrol, cedula, intentos_fallidos) VALUES ('Administrador', 'Webmaster', 'recupera.javier@gmail.com', '1', '2015-03-19', 1, '21561768 ', 2);
INSERT INTO tusuario (idusuario, nombreusu, emailusu, estatususu, ultima_actividadusu, trol_idrol, cedula, intentos_fallidos) VALUES ('LuisSa', 'LUIS SAMBRANO', 'LEZ64BIT@GMAIL.COM', '1', '2015-04-12 21:17:47.138-04:30', 2, '16789345 ', 0);


--
-- TOC entry 2222 (class 0 OID 45449)
-- Dependencies: 215 2225
-- Data for Name: tvehiculo; Type: TABLE DATA; Schema: public; Owner: nayibeya
--

INSERT INTO tvehiculo (idvehiculo, idcodigoveh, aliasveh, placaveh, anoveh, colorveh, tmodelo_idmodelo, observacionveh, estatusveh) VALUES (1, '          ', 'EL NARANJA', 'A83AI9H  ', '1979', 'NARANJA', 1, '', '1');
INSERT INTO tvehiculo (idvehiculo, idcodigoveh, aliasveh, placaveh, anoveh, colorveh, tmodelo_idmodelo, observacionveh, estatusveh) VALUES (2, '          ', 'LA TOÑECA', 'A77AM7D  ', '2009', 'BLANCO', 3, '', '1');


--
-- TOC entry 2223 (class 0 OID 45453)
-- Dependencies: 216 2225
-- Data for Name: tvehiculo_accesorio; Type: TABLE DATA; Schema: public; Owner: nayibeya
--



--
-- TOC entry 1980 (class 2606 OID 45458)
-- Dependencies: 185 185 2226
-- Name: pk_idaccesorio; Type: CONSTRAINT; Schema: public; Owner: nayibeya; Tablespace: 
--

ALTER TABLE ONLY taccesorio
    ADD CONSTRAINT pk_idaccesorio PRIMARY KEY (idaccesorio);


--
-- TOC entry 1982 (class 2606 OID 45460)
-- Dependencies: 186 186 2226
-- Name: pk_idbanco; Type: CONSTRAINT; Schema: public; Owner: nayibeya; Tablespace: 
--

ALTER TABLE ONLY tbanco
    ADD CONSTRAINT pk_idbanco PRIMARY KEY (idbanco);


--
-- TOC entry 1992 (class 2606 OID 45462)
-- Dependencies: 191 191 2226
-- Name: pk_idcliente; Type: CONSTRAINT; Schema: public; Owner: nayibeya; Tablespace: 
--

ALTER TABLE ONLY tcliente
    ADD CONSTRAINT pk_idcliente PRIMARY KEY (idcliente);


--
-- TOC entry 1994 (class 2606 OID 45464)
-- Dependencies: 192 192 2226
-- Name: pk_iddocumento; Type: CONSTRAINT; Schema: public; Owner: nayibeya; Tablespace: 
--

ALTER TABLE ONLY tdocumento
    ADD CONSTRAINT pk_iddocumento PRIMARY KEY (iddocumento);


--
-- TOC entry 1996 (class 2606 OID 45466)
-- Dependencies: 193 193 2226
-- Name: pk_idfactura; Type: CONSTRAINT; Schema: public; Owner: nayibeya; Tablespace: 
--

ALTER TABLE ONLY tfactura
    ADD CONSTRAINT pk_idfactura PRIMARY KEY (idfactura);


--
-- TOC entry 2000 (class 2606 OID 45468)
-- Dependencies: 196 196 2226
-- Name: pk_idmantenimiento; Type: CONSTRAINT; Schema: public; Owner: nayibeya; Tablespace: 
--

ALTER TABLE ONLY tmantenimiento
    ADD CONSTRAINT pk_idmantenimiento PRIMARY KEY (idmantenimiento);


--
-- TOC entry 2002 (class 2606 OID 45470)
-- Dependencies: 197 197 2226
-- Name: pk_idmarca; Type: CONSTRAINT; Schema: public; Owner: nayibeya; Tablespace: 
--

ALTER TABLE ONLY tmarca
    ADD CONSTRAINT pk_idmarca PRIMARY KEY (idmarca);


--
-- TOC entry 2004 (class 2606 OID 45472)
-- Dependencies: 198 198 2226
-- Name: pk_idmodelo; Type: CONSTRAINT; Schema: public; Owner: nayibeya; Tablespace: 
--

ALTER TABLE ONLY tmodelo
    ADD CONSTRAINT pk_idmodelo PRIMARY KEY (idmodelo);


--
-- TOC entry 2017 (class 2606 OID 45474)
-- Dependencies: 203 203 2226
-- Name: pk_idproducto; Type: CONSTRAINT; Schema: public; Owner: nayibeya; Tablespace: 
--

ALTER TABLE ONLY tproducto
    ADD CONSTRAINT pk_idproducto PRIMARY KEY (idproducto);


--
-- TOC entry 2019 (class 2606 OID 45476)
-- Dependencies: 205 205 2226
-- Name: pk_idproveedor; Type: CONSTRAINT; Schema: public; Owner: nayibeya; Tablespace: 
--

ALTER TABLE ONLY tproveedor
    ADD CONSTRAINT pk_idproveedor PRIMARY KEY (idproveedor);


--
-- TOC entry 2026 (class 2606 OID 45478)
-- Dependencies: 208 208 2226
-- Name: pk_idservicio; Type: CONSTRAINT; Schema: public; Owner: nayibeya; Tablespace: 
--

ALTER TABLE ONLY tservicio_mantenimiento
    ADD CONSTRAINT pk_idservicio PRIMARY KEY (idservicio);


--
-- TOC entry 2039 (class 2606 OID 45480)
-- Dependencies: 215 215 2226
-- Name: pk_idvehiculo; Type: CONSTRAINT; Schema: public; Owner: nayibeya; Tablespace: 
--

ALTER TABLE ONLY tvehiculo
    ADD CONSTRAINT pk_idvehiculo PRIMARY KEY (idvehiculo);


--
-- TOC entry 1978 (class 2606 OID 45482)
-- Dependencies: 184 184 2226
-- Name: tacceso_pkey; Type: CONSTRAINT; Schema: public; Owner: nayibeya; Tablespace: 
--

ALTER TABLE ONLY tacceso
    ADD CONSTRAINT tacceso_pkey PRIMARY KEY (idacceso);


--
-- TOC entry 1985 (class 2606 OID 45484)
-- Dependencies: 187 187 2226
-- Name: tbitacora_pkey; Type: CONSTRAINT; Schema: public; Owner: nayibeya; Tablespace: 
--

ALTER TABLE ONLY tbitacora
    ADD CONSTRAINT tbitacora_pkey PRIMARY KEY (idbitacora);


--
-- TOC entry 1987 (class 2606 OID 45486)
-- Dependencies: 188 188 2226
-- Name: tchofer_pkey; Type: CONSTRAINT; Schema: public; Owner: nayibeya; Tablespace: 
--

ALTER TABLE ONLY tchofer
    ADD CONSTRAINT tchofer_pkey PRIMARY KEY (idchofer);


--
-- TOC entry 1990 (class 2606 OID 45488)
-- Dependencies: 190 190 2226
-- Name: tclave_pkey; Type: CONSTRAINT; Schema: public; Owner: nayibeya; Tablespace: 
--

ALTER TABLE ONLY tclave
    ADD CONSTRAINT tclave_pkey PRIMARY KEY (idclave);


--
-- TOC entry 1998 (class 2606 OID 45490)
-- Dependencies: 195 195 2226
-- Name: tgoogle_users_pkey; Type: CONSTRAINT; Schema: public; Owner: nayibeya; Tablespace: 
--

ALTER TABLE ONLY tgoogle_users
    ADD CONSTRAINT tgoogle_users_pkey PRIMARY KEY (google_id);


--
-- TOC entry 2006 (class 2606 OID 45492)
-- Dependencies: 199 199 2226
-- Name: tmodulo_pkey; Type: CONSTRAINT; Schema: public; Owner: nayibeya; Tablespace: 
--

ALTER TABLE ONLY tmodulo
    ADD CONSTRAINT tmodulo_pkey PRIMARY KEY (idmodulo);


--
-- TOC entry 2010 (class 2606 OID 45494)
-- Dependencies: 200 200 200 2226
-- Name: tmodulo_trol_pkey; Type: CONSTRAINT; Schema: public; Owner: nayibeya; Tablespace: 
--

ALTER TABLE ONLY tmodulo_trol
    ADD CONSTRAINT tmodulo_trol_pkey PRIMARY KEY (idmodulo, idrol);


--
-- TOC entry 2012 (class 2606 OID 45496)
-- Dependencies: 201 201 2226
-- Name: tprecinto_pkey; Type: CONSTRAINT; Schema: public; Owner: nayibeya; Tablespace: 
--

ALTER TABLE ONLY tprecinto
    ADD CONSTRAINT tprecinto_pkey PRIMARY KEY (idprecinto);


--
-- TOC entry 2015 (class 2606 OID 45498)
-- Dependencies: 202 202 2226
-- Name: tpregunta_pkey; Type: CONSTRAINT; Schema: public; Owner: nayibeya; Tablespace: 
--

ALTER TABLE ONLY tpregunta
    ADD CONSTRAINT tpregunta_pkey PRIMARY KEY (idpregunta);


--
-- TOC entry 2021 (class 2606 OID 45500)
-- Dependencies: 206 206 2226
-- Name: trol_pkey; Type: CONSTRAINT; Schema: public; Owner: nayibeya; Tablespace: 
--

ALTER TABLE ONLY trol
    ADD CONSTRAINT trol_pkey PRIMARY KEY (idrol);


--
-- TOC entry 2024 (class 2606 OID 45502)
-- Dependencies: 207 207 2226
-- Name: tservicio_pkey; Type: CONSTRAINT; Schema: public; Owner: nayibeya; Tablespace: 
--

ALTER TABLE ONLY tservicio
    ADD CONSTRAINT tservicio_pkey PRIMARY KEY (idservicio);


--
-- TOC entry 2030 (class 2606 OID 45504)
-- Dependencies: 210 210 210 2226
-- Name: tservicio_trol_pkey; Type: CONSTRAINT; Schema: public; Owner: nayibeya; Tablespace: 
--

ALTER TABLE ONLY tservicio_trol
    ADD CONSTRAINT tservicio_trol_pkey PRIMARY KEY (idservicio, idrol);


--
-- TOC entry 2032 (class 2606 OID 45506)
-- Dependencies: 212 212 2226
-- Name: tsistema_pkey; Type: CONSTRAINT; Schema: public; Owner: nayibeya; Tablespace: 
--

ALTER TABLE ONLY tsistema
    ADD CONSTRAINT tsistema_pkey PRIMARY KEY (idconfiguracion);


--
-- TOC entry 2034 (class 2606 OID 45508)
-- Dependencies: 213 213 2226
-- Name: ttipo_producto_pkey; Type: CONSTRAINT; Schema: public; Owner: nayibeya; Tablespace: 
--

ALTER TABLE ONLY ttipo_producto
    ADD CONSTRAINT ttipo_producto_pkey PRIMARY KEY (idtipo_producto);


--
-- TOC entry 2037 (class 2606 OID 45510)
-- Dependencies: 214 214 2226
-- Name: tusuario_pkey; Type: CONSTRAINT; Schema: public; Owner: nayibeya; Tablespace: 
--

ALTER TABLE ONLY tusuario
    ADD CONSTRAINT tusuario_pkey PRIMARY KEY (idusuario);


--
-- TOC entry 1976 (class 1259 OID 45511)
-- Dependencies: 184 2226
-- Name: fk_tacceso_tusuario1_idx; Type: INDEX; Schema: public; Owner: nayibeya; Tablespace: 
--

CREATE INDEX fk_tacceso_tusuario1_idx ON tacceso USING btree (idusuario);


--
-- TOC entry 1983 (class 1259 OID 45512)
-- Dependencies: 187 2226
-- Name: fk_tbitacora_tusuario1_idx; Type: INDEX; Schema: public; Owner: nayibeya; Tablespace: 
--

CREATE INDEX fk_tbitacora_tusuario1_idx ON tbitacora USING btree (idusuario);


--
-- TOC entry 1988 (class 1259 OID 45513)
-- Dependencies: 190 2226
-- Name: fk_tclave_tusuario1_idx; Type: INDEX; Schema: public; Owner: nayibeya; Tablespace: 
--

CREATE INDEX fk_tclave_tusuario1_idx ON tclave USING btree (tusuario_idusuario);


--
-- TOC entry 2007 (class 1259 OID 45514)
-- Dependencies: 200 2226
-- Name: fk_tmodulo_has_trol_tmodulo1_idx; Type: INDEX; Schema: public; Owner: nayibeya; Tablespace: 
--

CREATE INDEX fk_tmodulo_has_trol_tmodulo1_idx ON tmodulo_trol USING btree (idmodulo);


--
-- TOC entry 2008 (class 1259 OID 45515)
-- Dependencies: 200 2226
-- Name: fk_tmodulo_has_trol_trol1_idx; Type: INDEX; Schema: public; Owner: nayibeya; Tablespace: 
--

CREATE INDEX fk_tmodulo_has_trol_trol1_idx ON tmodulo_trol USING btree (idrol);


--
-- TOC entry 2013 (class 1259 OID 45516)
-- Dependencies: 202 2226
-- Name: fk_tpregunta_tusuario1_idx; Type: INDEX; Schema: public; Owner: nayibeya; Tablespace: 
--

CREATE INDEX fk_tpregunta_tusuario1_idx ON tpregunta USING btree (tusuario_idusuario);


--
-- TOC entry 2027 (class 1259 OID 45517)
-- Dependencies: 210 2226
-- Name: fk_tservicio_has_trol_trol1_idx; Type: INDEX; Schema: public; Owner: nayibeya; Tablespace: 
--

CREATE INDEX fk_tservicio_has_trol_trol1_idx ON tservicio_trol USING btree (idrol);


--
-- TOC entry 2028 (class 1259 OID 45518)
-- Dependencies: 210 2226
-- Name: fk_tservicio_has_trol_tservicio1_idx; Type: INDEX; Schema: public; Owner: nayibeya; Tablespace: 
--

CREATE INDEX fk_tservicio_has_trol_tservicio1_idx ON tservicio_trol USING btree (idservicio);


--
-- TOC entry 2022 (class 1259 OID 45519)
-- Dependencies: 207 2226
-- Name: fk_tservicio_tmodulo1_idx; Type: INDEX; Schema: public; Owner: nayibeya; Tablespace: 
--

CREATE INDEX fk_tservicio_tmodulo1_idx ON tservicio USING btree (idmodulo);


--
-- TOC entry 2035 (class 1259 OID 45520)
-- Dependencies: 214 2226
-- Name: fk_tusuario_trol1_idx; Type: INDEX; Schema: public; Owner: nayibeya; Tablespace: 
--

CREATE INDEX fk_tusuario_trol1_idx ON tusuario USING btree (trol_idrol);


--
-- TOC entry 2044 (class 2606 OID 45521)
-- Dependencies: 185 193 1979 2226
-- Name: fk_taccesorio_tfactura_1; Type: FK CONSTRAINT; Schema: public; Owner: nayibeya
--

ALTER TABLE ONLY tfactura
    ADD CONSTRAINT fk_taccesorio_tfactura_1 FOREIGN KEY (taccesorio_idaccesorio) REFERENCES taccesorio(idaccesorio);


--
-- TOC entry 2059 (class 2606 OID 45526)
-- Dependencies: 1981 205 186 2226
-- Name: fk_tbanco_tproveedor_1; Type: FK CONSTRAINT; Schema: public; Owner: nayibeya
--

ALTER TABLE ONLY tproveedor
    ADD CONSTRAINT fk_tbanco_tproveedor_1 FOREIGN KEY (tbanco_idbanco) REFERENCES tbanco(idbanco);


--
-- TOC entry 2041 (class 2606 OID 45531)
-- Dependencies: 188 189 1986 2226
-- Name: fk_tchofer_documento_tchofer_1; Type: FK CONSTRAINT; Schema: public; Owner: nayibeya
--

ALTER TABLE ONLY tchofer_documento
    ADD CONSTRAINT fk_tchofer_documento_tchofer_1 FOREIGN KEY (tchofer_idchofer) REFERENCES tchofer(idchofer);


--
-- TOC entry 2042 (class 2606 OID 45536)
-- Dependencies: 1993 192 189 2226
-- Name: fk_tchofer_documento_tdocumento_1; Type: FK CONSTRAINT; Schema: public; Owner: nayibeya
--

ALTER TABLE ONLY tchofer_documento
    ADD CONSTRAINT fk_tchofer_documento_tdocumento_1 FOREIGN KEY (tdocumento_iddocumento) REFERENCES tdocumento(iddocumento);


--
-- TOC entry 2045 (class 2606 OID 45541)
-- Dependencies: 1986 188 193 2226
-- Name: fk_tchofer_tfactura_1; Type: FK CONSTRAINT; Schema: public; Owner: nayibeya
--

ALTER TABLE ONLY tfactura
    ADD CONSTRAINT fk_tchofer_tfactura_1 FOREIGN KEY (tchofer_idchofer) REFERENCES tchofer(idchofer);


--
-- TOC entry 2043 (class 2606 OID 45546)
-- Dependencies: 2036 214 190 2226
-- Name: fk_tclave_tusuario1; Type: FK CONSTRAINT; Schema: public; Owner: nayibeya
--

ALTER TABLE ONLY tclave
    ADD CONSTRAINT fk_tclave_tusuario1 FOREIGN KEY (tusuario_idusuario) REFERENCES tusuario(idusuario);


--
-- TOC entry 2046 (class 2606 OID 45551)
-- Dependencies: 1991 191 193 2226
-- Name: fk_tcliente_tfactura_1; Type: FK CONSTRAINT; Schema: public; Owner: nayibeya
--

ALTER TABLE ONLY tfactura
    ADD CONSTRAINT fk_tcliente_tfactura_1 FOREIGN KEY (tcliente_idcliente) REFERENCES tcliente(idcliente);


--
-- TOC entry 2048 (class 2606 OID 45556)
-- Dependencies: 1995 193 194 2226
-- Name: fk_tfactura_producto_tfactura_1; Type: FK CONSTRAINT; Schema: public; Owner: nayibeya
--

ALTER TABLE ONLY tfactura_producto
    ADD CONSTRAINT fk_tfactura_producto_tfactura_1 FOREIGN KEY (tfactura_idfactura) REFERENCES tfactura(idfactura);


--
-- TOC entry 2056 (class 2606 OID 45561)
-- Dependencies: 193 201 1995 2226
-- Name: fk_tfactura_tprecinto_1; Type: FK CONSTRAINT; Schema: public; Owner: nayibeya
--

ALTER TABLE ONLY tprecinto
    ADD CONSTRAINT fk_tfactura_tprecinto_1 FOREIGN KEY (tfactura_idfactura) REFERENCES tfactura(idfactura);


--
-- TOC entry 2050 (class 2606 OID 45566)
-- Dependencies: 205 2018 196 2226
-- Name: fk_tmantenimiento_tproveedor_1; Type: FK CONSTRAINT; Schema: public; Owner: nayibeya
--

ALTER TABLE ONLY tmantenimiento
    ADD CONSTRAINT fk_tmantenimiento_tproveedor_1 FOREIGN KEY (tproveedor_idproveedor) REFERENCES tproveedor(idproveedor);


--
-- TOC entry 2053 (class 2606 OID 45571)
-- Dependencies: 198 197 2001 2226
-- Name: fk_tmarca_tmodelo_1; Type: FK CONSTRAINT; Schema: public; Owner: nayibeya
--

ALTER TABLE ONLY tmodelo
    ADD CONSTRAINT fk_tmarca_tmodelo_1 FOREIGN KEY (tmarca_idmarca) REFERENCES tmarca(idmarca);


--
-- TOC entry 2040 (class 2606 OID 45576)
-- Dependencies: 185 198 2003 2226
-- Name: fk_tmodelo_taccesorio_1; Type: FK CONSTRAINT; Schema: public; Owner: nayibeya
--

ALTER TABLE ONLY taccesorio
    ADD CONSTRAINT fk_tmodelo_taccesorio_1 FOREIGN KEY (tmodelo_idmodelo) REFERENCES tmodelo(idmodelo);


--
-- TOC entry 2066 (class 2606 OID 45581)
-- Dependencies: 215 2003 198 2226
-- Name: fk_tmodelo_tvehiculo_1; Type: FK CONSTRAINT; Schema: public; Owner: nayibeya
--

ALTER TABLE ONLY tvehiculo
    ADD CONSTRAINT fk_tmodelo_tvehiculo_1 FOREIGN KEY (tmodelo_idmodelo) REFERENCES tmodelo(idmodelo);


--
-- TOC entry 2054 (class 2606 OID 45586)
-- Dependencies: 199 2005 200 2226
-- Name: fk_tmodulo_has_trol_tmodulo1; Type: FK CONSTRAINT; Schema: public; Owner: nayibeya
--

ALTER TABLE ONLY tmodulo_trol
    ADD CONSTRAINT fk_tmodulo_has_trol_tmodulo1 FOREIGN KEY (idmodulo) REFERENCES tmodulo(idmodulo);


--
-- TOC entry 2055 (class 2606 OID 45591)
-- Dependencies: 2020 206 200 2226
-- Name: fk_tmodulo_has_trol_trol1; Type: FK CONSTRAINT; Schema: public; Owner: nayibeya
--

ALTER TABLE ONLY tmodulo_trol
    ADD CONSTRAINT fk_tmodulo_has_trol_trol1 FOREIGN KEY (idrol) REFERENCES trol(idrol);


--
-- TOC entry 2057 (class 2606 OID 45596)
-- Dependencies: 202 214 2036 2226
-- Name: fk_tpregunta_tusuario1; Type: FK CONSTRAINT; Schema: public; Owner: nayibeya
--

ALTER TABLE ONLY tpregunta
    ADD CONSTRAINT fk_tpregunta_tusuario1 FOREIGN KEY (tusuario_idusuario) REFERENCES tusuario(idusuario);


--
-- TOC entry 2049 (class 2606 OID 45601)
-- Dependencies: 203 194 2016 2226
-- Name: fk_tproducto_tfactura_producto_1; Type: FK CONSTRAINT; Schema: public; Owner: nayibeya
--

ALTER TABLE ONLY tfactura_producto
    ADD CONSTRAINT fk_tproducto_tfactura_producto_1 FOREIGN KEY (tproducto_idproducto) REFERENCES tproducto(idproducto);


--
-- TOC entry 2063 (class 2606 OID 45606)
-- Dependencies: 2020 210 206 2226
-- Name: fk_tservicio_has_trol_trol1; Type: FK CONSTRAINT; Schema: public; Owner: nayibeya
--

ALTER TABLE ONLY tservicio_trol
    ADD CONSTRAINT fk_tservicio_has_trol_trol1 FOREIGN KEY (idrol) REFERENCES trol(idrol);


--
-- TOC entry 2064 (class 2606 OID 45611)
-- Dependencies: 210 2023 207 2226
-- Name: fk_tservicio_has_trol_tservicio1; Type: FK CONSTRAINT; Schema: public; Owner: nayibeya
--

ALTER TABLE ONLY tservicio_trol
    ADD CONSTRAINT fk_tservicio_has_trol_tservicio1 FOREIGN KEY (idservicio) REFERENCES tservicio(idservicio);


--
-- TOC entry 2061 (class 2606 OID 45616)
-- Dependencies: 209 205 2018 2226
-- Name: fk_tservicio_proveedor_tproveedor_1; Type: FK CONSTRAINT; Schema: public; Owner: nayibeya
--

ALTER TABLE ONLY tservicio_proveedor
    ADD CONSTRAINT fk_tservicio_proveedor_tproveedor_1 FOREIGN KEY (tproveedor_idproveedor) REFERENCES tproveedor(idproveedor);


--
-- TOC entry 2051 (class 2606 OID 45621)
-- Dependencies: 196 208 2025 2226
-- Name: fk_tservicio_tmantenimiento_1; Type: FK CONSTRAINT; Schema: public; Owner: nayibeya
--

ALTER TABLE ONLY tmantenimiento
    ADD CONSTRAINT fk_tservicio_tmantenimiento_1 FOREIGN KEY (tservicio_idservicio) REFERENCES tservicio_mantenimiento(idservicio);


--
-- TOC entry 2060 (class 2606 OID 45626)
-- Dependencies: 2005 207 199 2226
-- Name: fk_tservicio_tmodulo1; Type: FK CONSTRAINT; Schema: public; Owner: nayibeya
--

ALTER TABLE ONLY tservicio
    ADD CONSTRAINT fk_tservicio_tmodulo1 FOREIGN KEY (idmodulo) REFERENCES tmodulo(idmodulo);


--
-- TOC entry 2062 (class 2606 OID 45631)
-- Dependencies: 208 209 2025 2226
-- Name: fk_tservicio_tservicio_proveedor_1; Type: FK CONSTRAINT; Schema: public; Owner: nayibeya
--

ALTER TABLE ONLY tservicio_proveedor
    ADD CONSTRAINT fk_tservicio_tservicio_proveedor_1 FOREIGN KEY (tservicio_idservicio) REFERENCES tservicio_mantenimiento(idservicio);


--
-- TOC entry 2058 (class 2606 OID 53864)
-- Dependencies: 2033 213 203 2226
-- Name: fk_ttipo_producto_tproducto_1; Type: FK CONSTRAINT; Schema: public; Owner: nayibeya
--

ALTER TABLE ONLY tproducto
    ADD CONSTRAINT fk_ttipo_producto_tproducto_1 FOREIGN KEY (ttipo_producto_idtipo_producto) REFERENCES ttipo_producto(idtipo_producto);


--
-- TOC entry 2065 (class 2606 OID 45641)
-- Dependencies: 206 214 2020 2226
-- Name: fk_tusuario_trol1; Type: FK CONSTRAINT; Schema: public; Owner: nayibeya
--

ALTER TABLE ONLY tusuario
    ADD CONSTRAINT fk_tusuario_trol1 FOREIGN KEY (trol_idrol) REFERENCES trol(idrol);


--
-- TOC entry 2047 (class 2606 OID 45646)
-- Dependencies: 215 193 2038 2226
-- Name: fk_tvehiculo_tfactura_1; Type: FK CONSTRAINT; Schema: public; Owner: nayibeya
--

ALTER TABLE ONLY tfactura
    ADD CONSTRAINT fk_tvehiculo_tfactura_1 FOREIGN KEY (tvehiculo_idvehiculo) REFERENCES tvehiculo(idvehiculo);


--
-- TOC entry 2052 (class 2606 OID 45651)
-- Dependencies: 215 196 2038 2226
-- Name: fk_tvehiculo_tmantenimiento_1; Type: FK CONSTRAINT; Schema: public; Owner: nayibeya
--

ALTER TABLE ONLY tmantenimiento
    ADD CONSTRAINT fk_tvehiculo_tmantenimiento_1 FOREIGN KEY (tvehiculo_idvehiculo) REFERENCES tvehiculo(idvehiculo);
